Target,Model,Metric_Type,Pearson,Spearman,Loss,AUROC
T1298o,MIEnsembles-Server,tmscore_mmalign,0.16693862016347827,0.3801639940493604,0.29799999999999993,0.5524925177702956
T1298o,COAST,tmscore_mmalign,0.20018238052179269,-0.08972992012019264,0.29499999999999993,0.5155723905723906
T1298o,MQA_server,tmscore_mmalign,0.4525183264402366,0.12402750144863013,0.008999999999999897,0.5940656565656566
T1298o,Guijunlab-Complex,tmscore_mmalign,0.45205771260881555,0.10889300623449169,0.008000000000000007,0.6120931537598204
T1298o,ChaePred,tmscore_mmalign,0.4324168848428208,0.4487250682314909,0.2971111111111111,0.6255144032921811
T1298o,VifChartreuseJaune,tmscore_mmalign,0.2602211573700225,0.14339873145728135,0.2889999999999999,0.447834743653559
T1298o,PIEFold_human,tmscore_mmalign,0.17510396389017896,0.1921374417061629,0.374,0.5561167227833895
T1298o,zyh_mae_try1E,tmscore_mmalign,-0.23560407863980315,-0.1435808233886359,0.43999999999999995,0.4911315973906949
T1298o,GuijunLab-Human,tmscore_mmalign,0.06227729377859008,0.37716430514712046,0.3045,0.5520248784137674
T1298o,MQA_base,tmscore_mmalign,0.4525183264402366,0.12402750144863013,0.008999999999999897,0.5940656565656566
T1298o,ARC,tmscore_mmalign,,,,
T1298o,GuijunLab-Assembly,tmscore_mmalign,0.0740988555001417,0.46742633927478583,0.29666666666666663,0.6074635241301908
T1298o,GuijunLab-PAthreader,tmscore_mmalign,0.396851988001946,-0.010295419654846169,0.32699999999999996,0.525299289188178
T1298o,MULTICOM_LLM,tmscore_mmalign,0.31360748203808886,0.40028550191430523,0.29499999999999993,0.6064113355780023
T1298o,MULTICOM_AI,tmscore_mmalign,0.2617610728328789,0.05699358336464657,0.30099999999999993,0.507201646090535
T1298o,APOLLO,tmscore_mmalign,,,,
T1298o,GuijunLab-QA,tmscore_mmalign,0.09179932122524039,0.5281458332031113,0.29699999999999993,0.6419051627384961
T1298o,MULTICOM_GATE,tmscore_mmalign,0.46848795266353926,0.38834041544241144,0.30199999999999994,0.6372989150766928
T1298o,ModFOLDdock2,tmscore_mmalign,0.015325924542383702,0.48166710852018,0.30999999999999994,0.6321782641227086
T1298o,MQA,tmscore_mmalign,0.22212440599157013,0.20667921206264644,0.30599999999999994,0.5317293303404415
T1298o,VifChartreuse,tmscore_mmalign,-0.050243545298207376,0.11538163210181143,0.32099999999999995,0.4275012444001991
T1298o,AF_unmasked,tmscore_mmalign,0.3043524900584545,0.2435692600229847,0.32199999999999995,0.5262579498690609
T1298o,MULTICOM_human,tmscore_mmalign,0.37241859162087226,0.20177002332760083,0.32199999999999995,0.5011457164234941
H1208,MIEnsembles-Server,tmscore_mmalign,0.9711601241305363,0.4377615914730381,0.01100000000000001,0.5940975800433531
H1208,COAST,tmscore_mmalign,0.832778516518533,0.3544912605574895,0.0086666666666666,0.6238597013813904
H1208,MQA_server,tmscore_mmalign,0.7421820158363532,0.45762208964883755,0.013000000000000012,0.6749049429657794
H1208,Guijunlab-Complex,tmscore_mmalign,0.6076835065002915,0.2991443532050934,0.013000000000000012,0.5996055577271596
H1208,ChaePred,tmscore_mmalign,0.6434131419579098,0.5793858952338481,0.006000000000000005,0.7160726342347464
H1208,VifChartreuseJaune,tmscore_mmalign,0.6386612988508986,0.24259273464649844,0.03500000000000003,0.5584626785787805
H1208,PIEFold_human,tmscore_mmalign,0.07689334989623114,0.2867180851447255,0.01100000000000001,0.5920898333392558
H1208,zyh_mae_try1E,tmscore_mmalign,0.0318835093775233,0.17063715765128165,0.007000000000000006,0.5375786219395189
H1208,GuijunLab-Human,tmscore_mmalign,0.9750051614629751,0.47648051596198254,0.0030000000000000027,0.6473469240222656
H1208,GromihaLab,tmscore_mmalign,,,,
H1208,MQA_base,tmscore_mmalign,0.7421820158363532,0.45762208964883755,0.013000000000000012,0.6749049429657794
H1208,ARC,tmscore_mmalign,,,,
H1208,GuijunLab-Assembly,tmscore_mmalign,0.9766613651152654,0.5876048388297676,0.005249999999999977,0.7510996366418053
H1208,GuijunLab-PAthreader,tmscore_mmalign,0.8579114248234496,0.3156740439398459,0.01100000000000001,0.5638644688644688
H1208,MULTICOM_LLM,tmscore_mmalign,0.9980505479401605,0.5730205471824685,0.008000000000000007,0.688212927756654
H1208,MULTICOM_AI,tmscore_mmalign,0.4128514043640735,0.36325653495867954,0.008000000000000007,0.5761166980562168
H1208,APOLLO,tmscore_mmalign,,,,
H1208,GuijunLab-QA,tmscore_mmalign,0.9680483146029789,0.6064639315693513,0.005333333333333412,0.714595532422468
H1208,MULTICOM_GATE,tmscore_mmalign,0.9659739343786189,0.5876290427539745,0.0030000000000000027,0.7267332362034042
H1208,ModFOLDdock2,tmscore_mmalign,0.9447371280301815,0.6844020792391122,0.007000000000000006,0.7864681425677835
H1208,MQA,tmscore_mmalign,0.6339338777186476,0.6279018051981411,0.0050000000000000044,0.7554280231690416
H1208,Pcons,tmscore_mmalign,0.8748733690429845,0.3575104177942915,0.018000000000000016,0.5937955296542412
H1208,VifChartreuse,tmscore_mmalign,0.21341390549822586,0.043381840285856815,0.006799999999999917,0.5133805426324674
H1208,AF_unmasked,tmscore_mmalign,0.68052918633853,0.5627269252596374,0.0050000000000000044,0.753314635390107
H1208,MULTICOM_human,tmscore_mmalign,0.8241431761013891,0.4837280709147777,0.007000000000000006,0.6349632209232081
T1234o,MIEnsembles-Server,tmscore_mmalign,0.9970677946074025,0.8989534959430266,0.04999999999999993,0.9002474042829333
T1234o,COAST,tmscore_mmalign,0.41370479451007675,0.5609182331431493,0.6579999999999999,0.868754055807917
T1234o,MQA_server,tmscore_mmalign,0.5826196101700312,0.517217972050121,0.03399999999999992,0.7332697923426347
T1234o,Guijunlab-Complex,tmscore_mmalign,0.5185515219764552,0.5721454567298169,0.038999999999999924,0.7586591499026605
T1234o,ChaePred,tmscore_mmalign,0.4603833111851268,0.6643268872055,0.0,0.8710253082414017
T1234o,VifChartreuseJaune,tmscore_mmalign,0.2874162700899464,0.36340833116213805,0.0,0.7080443241414313
T1234o,PIEFold_human,tmscore_mmalign,0.37902649785133047,0.3641667000080365,0.566,0.6058971447112265
T1234o,zyh_mae_try1E,tmscore_mmalign,0.012895326266695099,-0.0016332431608740271,0.06299999999999994,0.5429510058403635
T1234o,GuijunLab-Human,tmscore_mmalign,0.7036040348475427,0.6449812018387485,0.606,0.7937621674237509
T1234o,GromihaLab,tmscore_mmalign,,,,
T1234o,MQA_base,tmscore_mmalign,0.5826196101700312,0.517217972050121,0.03399999999999992,0.7332697923426347
T1234o,ARC,tmscore_mmalign,,,,
T1234o,GuijunLab-Assembly,tmscore_mmalign,0.7159212626591095,0.7002481005076531,0.038999999999999924,0.7371228098637248
T1234o,GuijunLab-PAthreader,tmscore_mmalign,0.42612254824198764,0.4259781608508469,0.614,0.6847217715768981
T1234o,MULTICOM_LLM,tmscore_mmalign,0.9832746311405861,0.8551384508665237,0.03799999999999992,0.8443786502271253
T1234o,MULTICOM_AI,tmscore_mmalign,0.25808363514714855,0.44188080735415775,0.614,0.7051833225178454
T1234o,APOLLO,tmscore_mmalign,,,,
T1234o,GuijunLab-QA,tmscore_mmalign,0.9847024290288536,0.8504867245744815,0.040999999999999925,0.8224772874756652
T1234o,MULTICOM_GATE,tmscore_mmalign,0.9723461752614142,0.7953359087155909,0.04799999999999993,0.7721852693056457
T1234o,ModFOLDdock2,tmscore_mmalign,0.7023258832554857,0.5639769535044334,0.606,0.7147144711226476
T1234o,MQA,tmscore_mmalign,0.6695690494296038,0.6975335647101113,0.5,0.746390330953926
T1234o,Pcons,tmscore_mmalign,0.9465311159848133,0.7986386055275657,0.03799999999999992,0.8367334523036989
T1234o,VifChartreuse,tmscore_mmalign,0.37533429061283957,0.6277866570878513,0.03799999999999992,0.8265733378446962
T1234o,AF_unmasked,tmscore_mmalign,0.5450399775944037,0.6862545855491058,0.031000000000000028,0.8184620376378975
T1234o,MULTICOM_human,tmscore_mmalign,0.8066005771213567,0.7916376440063194,0.07199999999999995,0.8353341985723556
T1237o,MIEnsembles-Server,tmscore_mmalign,0.9961201607431786,0.4094775137421956,0.01100000000000001,0.5084893617021277
T1237o,COAST,tmscore_mmalign,0.602959718152769,0.25414968118135006,0.688,0.5175744680851063
T1237o,MQA_server,tmscore_mmalign,0.735368732215367,0.21530694525411645,0.008000000000000007,0.5279574468085106
T1237o,Guijunlab-Complex,tmscore_mmalign,0.8073344025512555,0.359544059137374,0.0050000000000000044,0.6024468085106383
T1237o,ChaePred,tmscore_mmalign,0.42724998096685307,0.6108664211293746,0.010000000000000009,0.7577872340425532
T1237o,VifChartreuseJaune,tmscore_mmalign,0.5797782178790261,0.15807763978137668,0.010500000000000065,0.46796845837999257
T1237o,PIEFold_human,tmscore_mmalign,0.2925156826222243,0.35086444023659136,0.01100000000000012,0.5567872340425531
T1237o,GuijunLab-Human,tmscore_mmalign,0.9451695509364946,0.3616540473123627,0.008000000000000007,0.48827659574468085
T1237o,GromihaLab,tmscore_mmalign,,,,
T1237o,MQA_base,tmscore_mmalign,0.735368732215367,0.21530694525411645,0.008000000000000007,0.5279574468085106
T1237o,ARC,tmscore_mmalign,,,,
T1237o,GuijunLab-Assembly,tmscore_mmalign,0.6029638298409604,0.0731863933250155,0.02299999999999991,0.5075106382978724
T1237o,GuijunLab-PAthreader,tmscore_mmalign,0.7630485266479473,0.4025339643259291,0.009000000000000008,0.5982553191489361
T1237o,MULTICOM_LLM,tmscore_mmalign,0.9964430832764317,0.5755465463545365,0.007000000000000006,0.6243617021276596
T1237o,MULTICOM_AI,tmscore_mmalign,0.46254399714200645,0.25045698456744975,0.015000000000000013,0.4868936170212766
T1237o,APOLLO,tmscore_mmalign,,,,
T1237o,GuijunLab-QA,tmscore_mmalign,0.9830277661188652,0.2910779611710391,0.01100000000000001,0.44338297872340426
T1237o,MULTICOM_GATE,tmscore_mmalign,0.9890045480034798,0.5172844940313996,0.008000000000000007,0.6137234042553191
T1237o,ModFOLDdock2,tmscore_mmalign,0.9728348650248835,0.33609585075712783,0.008000000000000007,0.4755106382978723
T1237o,MQA,tmscore_mmalign,0.788974075323204,0.03685840342703151,0.026000000000000023,0.4439787234042553
T1237o,Pcons,tmscore_mmalign,0.9950769111889137,0.36154967162414525,0.03400000000000003,0.5713191489361703
T1237o,VifChartreuse,tmscore_mmalign,0.19332846653577263,0.19579284750270665,0.009000000000000008,0.5804871220604704
T1237o,AF_unmasked,tmscore_mmalign,0.22803806948297375,0.09012854091655645,0.007000000000000006,0.5124893617021277
T1237o,MULTICOM_human,tmscore_mmalign,0.8390137028379547,0.18396839097911574,0.009000000000000008,0.4464680851063829
H1232,MIEnsembles-Server,tmscore_mmalign,0.38396632027719446,0.5709155548262477,0.368,0.6153136531365313
H1232,COAST,tmscore_mmalign,0.4053839092951047,0.09463064510056494,0.398,0.5002839641393859
H1232,MQA_server,tmscore_mmalign,0.4300841564365927,0.3057797579833989,0.364,0.6730908069950264
H1232,Guijunlab-Complex,tmscore_mmalign,0.4911845171862717,0.5000638123633776,0.364,0.6799695170864752
H1232,ChaePred,tmscore_mmalign,0.5429623187940231,0.08876864057019812,0.403,0.6305350553505534
H1232,VifChartreuseJaune,tmscore_mmalign,0.10293898331457063,0.0629610836677412,0.42500000000000004,0.4572310405643739
H1232,PIEFold_human,tmscore_mmalign,-0.001314543887213854,0.016341163030565785,0.38,0.3960572757901492
H1232,zyh_mae_try1E,tmscore_mmalign,0.2705201642736139,0.23866360315690194,0.368,0.5085833467030322
H1232,GuijunLab-Human,tmscore_mmalign,0.35883039348859525,0.5992422137153705,0.37,0.623696454355848
H1232,GromihaLab,tmscore_mmalign,,,,
H1232,MQA_base,tmscore_mmalign,0.4300841564365927,0.3057797579833989,0.364,0.6730908069950264
H1232,ARC,tmscore_mmalign,,,,
H1232,GuijunLab-Assembly,tmscore_mmalign,0.5269521016733392,0.4298424977521959,0.357,0.6404018931493664
H1232,GuijunLab-PAthreader,tmscore_mmalign,0.47946232702976377,0.38706746743539566,0.389,0.5876183218353922
H1232,MULTICOM_LLM,tmscore_mmalign,0.5088167607554537,0.4292983494594581,0.358,0.5475894432857372
H1232,MULTICOM_AI,tmscore_mmalign,0.43319506851587186,0.284394454129537,0.43700000000000006,0.6069107973688432
H1232,APOLLO,tmscore_mmalign,,,,
H1232,GuijunLab-QA,tmscore_mmalign,0.35664592940626016,0.5910706216453214,0.37149999999999994,0.6179407989732071
H1232,MULTICOM_GATE,tmscore_mmalign,0.5857730463288456,0.46887349842878717,0.393,0.5723969196213701
H1232,ModFOLDdock2,tmscore_mmalign,0.3807446502049534,0.4981400938760929,0.368,0.6112826889138456
H1232,MQA,tmscore_mmalign,0.7069546155520794,0.569191300129892,0.357,0.6514318947537301
H1232,Pcons,tmscore_mmalign,0.5094038649183977,0.42288118252093,0.357,0.5930129953473448
H1232,VifChartreuse,tmscore_mmalign,0.11215124515655431,0.1929264793022787,0.362,0.45815696649029986
H1232,AF_unmasked,tmscore_mmalign,0.6220305146752911,0.40104721860273845,0.37,0.5883603401251404
H1232,MULTICOM_human,tmscore_mmalign,0.6166735281740071,0.43217659175368206,0.363,0.6015161238568907
T1269v1o,MIEnsembles-Server,tmscore_mmalign,-0.5026402187850193,-0.5983654574913423,0.389,0.3247282608695652
T1269v1o,COAST,tmscore_mmalign,,,,
T1269v1o,MQA_server,tmscore_mmalign,,,,
T1269v1o,Guijunlab-Complex,tmscore_mmalign,0.8374553483772782,0.8655077848501391,0.027000000000000024,0.9364609974424553
T1269v1o,VifChartreuseJaune,tmscore_mmalign,0.20474421347764477,0.2537313807991429,0.389,0.6159686700767264
T1269v1o,PIEFold_human,tmscore_mmalign,0.23474733120859742,0.3322795418395338,0.04699999999999993,0.5748081841432225
T1269v1o,GuijunLab-Human,tmscore_mmalign,0.813455464991456,0.7629688872452552,0.027000000000000024,0.8331202046035806
T1269v1o,MQA_base,tmscore_mmalign,,,,
T1269v1o,ARC,tmscore_mmalign,,,,
T1269v1o,GuijunLab-Assembly,tmscore_mmalign,0.813455464991456,0.7629688872452552,0.027000000000000024,0.8331202046035806
T1269v1o,GuijunLab-PAthreader,tmscore_mmalign,0.8408473338774729,0.7914935547079798,0.027000000000000024,0.8570971867007673
T1269v1o,MULTICOM_LLM,tmscore_mmalign,0.697984266805075,0.6930218864785196,0.0,0.7985134271099744
T1269v1o,MULTICOM_AI,tmscore_mmalign,-0.616333418704377,-0.6274509019620877,0.48300000000000004,0.17750959079283887
T1269v1o,APOLLO,tmscore_mmalign,,,,
T1269v1o,GuijunLab-QA,tmscore_mmalign,0.8408473338774729,0.7914935547079798,0.027000000000000024,0.8570971867007673
T1269v1o,MULTICOM_GATE,tmscore_mmalign,0.7415897702510353,0.6775235446057604,0.020000000000000018,0.7957161125319692
T1269v1o,ModFOLDdock2,tmscore_mmalign,0.8521163475618669,0.8310706287971211,0.040999999999999925,0.8112212276214834
T1269v1o,MQA,tmscore_mmalign,,,,
T1269v1o,VifChartreuse,tmscore_mmalign,0.12569819042056107,0.14978181983207117,0.014000000000000012,0.6238011508951405
T1269v1o,AF_unmasked,tmscore_mmalign,,,,
T1269v1o,MULTICOM_human,tmscore_mmalign,-0.42092105117436796,-0.28614254759293434,0.483,0.3595748081841432
H1233,MIEnsembles-Server,tmscore_mmalign,0.978710939961243,0.8637100507017621,0.006000000000000005,0.9135864554521834
H1233,COAST,tmscore_mmalign,0.16301523726452044,0.2912328016329422,0.511,0.5941664571284888
H1233,MQA_server,tmscore_mmalign,0.5973611215507306,0.6114218182195154,0.0039999999999998925,0.7593034950968066
H1233,Guijunlab-Complex,tmscore_mmalign,0.49389241091479646,0.46929077355840754,0.502,0.6702916771435755
H1233,ChaePred,tmscore_mmalign,0.3736860505737,0.6630459393727995,0.499,0.7675802531221189
H1233,VifChartreuseJaune,tmscore_mmalign,0.7200621248802564,0.786899344696431,0.03400000000000003,0.8170955099258754
H1233,PIEFold_human,tmscore_mmalign,0.33516798330550635,0.49734955490833266,0.502,0.7569357136870338
H1233,zyh_mae_try1E,tmscore_mmalign,-0.016766887887172312,-0.048089738644478915,0.51,0.48366013071895425
H1233,GuijunLab-Human,tmscore_mmalign,0.9686227712882192,0.8748552543056307,0.00275000000000003,0.9299094795071663
H1233,GromihaLab,tmscore_mmalign,,,,
H1233,MQA_base,tmscore_mmalign,0.5973611215507306,0.6114218182195154,0.0039999999999998925,0.7593034950968066
H1233,ARC,tmscore_mmalign,,,,
H1233,GuijunLab-Assembly,tmscore_mmalign,0.2544616652737358,-0.059582209277586715,0.502,0.40348671527952396
H1233,GuijunLab-PAthreader,tmscore_mmalign,0.5726874787097898,0.640454595511893,0.0040000000000000036,0.7788743609085576
H1233,MULTICOM_LLM,tmscore_mmalign,0.9377821077350924,0.857951949999536,0.0030000000000000027,0.9209621993127147
H1233,MULTICOM_AI,tmscore_mmalign,0.5177858123789675,0.7660594676565013,0.07899999999999996,0.8400595088425111
H1233,APOLLO,tmscore_mmalign,,,,
H1233,GuijunLab-QA,tmscore_mmalign,0.9708089279120611,0.8726814195396099,0.0030000000000001137,0.9263473304836142
H1233,MULTICOM_GATE,tmscore_mmalign,0.9249462190231086,0.8411351539966743,0.008000000000000007,0.9130626100075434
H1233,ModFOLDdock2,tmscore_mmalign,0.97161761140078,0.8669841554319405,0.0020000000000000018,0.932067722739083
H1233,MQA,tmscore_mmalign,0.6110597084829636,0.677919918636043,0.499,0.7929343726426955
H1233,Pcons,tmscore_mmalign,0.7480495459347465,0.6486277625254876,0.006000000000000005,0.812002346827592
H1233,VifChartreuse,tmscore_mmalign,0.743680348097056,0.8749875803386503,0.004052238805970054,0.8848300247081877
H1233,AF_unmasked,tmscore_mmalign,0.5894351326314456,0.3929359592952842,0.508,0.6794275416980974
H1233,MULTICOM_human,tmscore_mmalign,0.7939492866440286,0.84582860120638,0.0,0.911931103847121
H1267,MIEnsembles-Server,tmscore_mmalign,-0.3758887011780204,0.17137576688049286,0.508,0.6172846889952153
H1267,COAST,tmscore_mmalign,0.15240371003191228,0.15183962694061295,0.5189999999999999,0.5726857142857144
H1267,MQA_server,tmscore_mmalign,0.04618012572358455,0.12268385062031048,0.5109999999999999,0.48561602870813403
H1267,Guijunlab-Complex,tmscore_mmalign,0.07602262491804028,0.2721104325466576,0.51,0.6195424641148326
H1267,ChaePred,tmscore_mmalign,-0.3170678795504283,-0.025726756723409332,0.5089999999999999,0.46812200956937805
H1267,VifChartreuseJaune,tmscore_mmalign,-0.37668144317615876,-0.06468376791594863,0.3706666666666667,0.49082892416225754
H1267,PIEFold_human,tmscore_mmalign,0.05069136109620544,0.2222863666409041,0.508,0.5889952153110047
H1267,zyh_mae_try1E,tmscore_mmalign,-0.06746872557590639,0.09931482515214797,0.5089999999999999,0.5716507177033493
H1267,GuijunLab-Human,tmscore_mmalign,-0.4014110093866753,-0.06882765750404479,0.508,0.4513606459330144
H1267,GromihaLab,tmscore_mmalign,,,,
H1267,MQA_base,tmscore_mmalign,0.04618012572358455,0.12268385062031048,0.5109999999999999,0.48561602870813403
H1267,ARC,tmscore_mmalign,,,,
H1267,GuijunLab-Assembly,tmscore_mmalign,0.01843813396956039,0.11200695120686549,0.5089999999999999,0.5302482057416268
H1267,GuijunLab-PAthreader,tmscore_mmalign,0.003507179048501497,0.09243546107331906,0.51,0.5028409090909091
H1267,MULTICOM_LLM,tmscore_mmalign,-0.35915869008841156,0.1021349399503152,0.508,0.5736842105263158
H1267,MULTICOM_AI,tmscore_mmalign,0.04613840089862348,0.03368680093984072,0.508,0.44264354066985645
H1267,APOLLO,tmscore_mmalign,,,,
H1267,GuijunLab-QA,tmscore_mmalign,-0.4009583474846209,-0.06860923055454554,0.508,0.4517344497607656
H1267,MULTICOM_GATE,tmscore_mmalign,-0.3403158556573138,-0.017041373180468795,0.5149999999999999,0.47692882775119616
H1267,ModFOLDdock2,tmscore_mmalign,-0.24695537891249741,0.16933716099189777,0.508,0.6174641148325359
H1267,MQA,tmscore_mmalign,-0.5825012906497226,-0.10397506856482555,0.5129999999999999,0.42960526315789477
H1267,Pcons,tmscore_mmalign,,,0.4724617486338798,0.5
H1267,VifChartreuse,tmscore_mmalign,0.030041879188868657,0.1659582471918931,0.5078666666666667,0.6234920634920634
H1267,AF_unmasked,tmscore_mmalign,0.02689968769317196,0.28760724129283755,0.46799999999999997,0.6114533492822967
H1267,MULTICOM_human,tmscore_mmalign,-0.17252534802340788,-0.03305883807009363,0.5089999999999999,0.4607206937799044
H1213,MIEnsembles-Server,tmscore_mmalign,0.9869419823905793,0.6980623873070825,0.010000000000000009,0.7964015151515151
H1213,COAST,tmscore_mmalign,0.2176942197259926,0.1484505666952235,0.02300000000000002,0.6191345503718729
H1213,MQA_server,tmscore_mmalign,0.6850014092654699,0.5453720699810863,0.017000000000000015,0.6281206955922866
H1213,Guijunlab-Complex,tmscore_mmalign,0.5492177152481623,0.5118950333373209,0.0050000000000000044,0.6277763429752066
H1213,ChaePred,tmscore_mmalign,0.6297330917056393,0.6026267231295726,0.016000000000000014,0.6725637052341598
H1213,VifChartreuseJaune,tmscore_mmalign,0.7146563314723392,-0.10296087811334323,0.013000000000000012,0.34745762711864403
H1213,PIEFold_human,tmscore_mmalign,0.05859703593083868,0.3003898539217254,0.040000000000000036,0.5020876377410468
H1213,GuijunLab-Human,tmscore_mmalign,0.9702204122759053,0.4527107080115138,0.041000000000000036,0.5870781680440771
H1213,GromihaLab,tmscore_mmalign,,,,
H1213,MQA_base,tmscore_mmalign,0.6850014092654699,0.5453720699810863,0.017000000000000015,0.6281206955922866
H1213,ARC,tmscore_mmalign,,,,
H1213,GuijunLab-Assembly,tmscore_mmalign,0.7904775110730937,0.270381173865561,0.06999999999999995,0.5643358876117497
H1213,GuijunLab-PAthreader,tmscore_mmalign,0.5974944945225622,0.4622852456718606,0.017000000000000015,0.5603262741046833
H1213,MULTICOM_LLM,tmscore_mmalign,0.9913721625702567,0.7240300552851746,0.019000000000000017,0.7517863292011019
H1213,MULTICOM_AI,tmscore_mmalign,0.2364226766505092,0.24382207805789458,0.5780000000000001,0.6007446625344353
H1213,APOLLO,tmscore_mmalign,,,,
H1213,GuijunLab-QA,tmscore_mmalign,0.9426603734751221,0.2635181007795127,0.04500000000000004,0.49162792699724517
H1213,MULTICOM_GATE,tmscore_mmalign,0.9717068883796933,0.6349742674609395,0.02100000000000002,0.7198045798898072
H1213,ModFOLDdock2,tmscore_mmalign,0.9400954164486455,0.30062870825420884,0.04300000000000004,0.4825456267217631
H1213,MQA,tmscore_mmalign,0.8810744721057089,0.2922051719737407,0.27,0.6091382575757576
H1213,Pcons,tmscore_mmalign,0.9893825467081039,0.7239292786270635,0.02100000000000002,0.7380337465564738
H1213,VifChartreuse,tmscore_mmalign,0.522729587848852,0.037575002223576216,0.04600000000000004,0.4487994350282486
H1213,AF_unmasked,tmscore_mmalign,0.6276268772311473,0.49938350525366665,0.01200000000000001,0.6212121212121211
H1213,MULTICOM_human,tmscore_mmalign,0.8069540830992098,0.4960281621292824,0.05699999999999994,0.6562715220385674
H1258,MIEnsembles-Server,tmscore_mmalign,0.8694528183923339,0.3004264367554759,0.08500000000000008,0.5645303580695381
H1258,COAST,tmscore_mmalign,-0.06389068793884853,-0.04971923695935048,0.08000000000000007,0.6121794871794871
H1258,MQA_server,tmscore_mmalign,0.2828859529602031,0.14051945448527936,0.050000000000000044,0.40495588998443177
H1258,Guijunlab-Complex,tmscore_mmalign,0.7201300810061293,0.3731903857304435,0.08400000000000007,0.6668396471198754
H1258,ChaePred,tmscore_mmalign,0.7389008446094485,0.39629197126229443,0.08500000000000008,0.585729112610275
H1258,VifChartreuseJaune,tmscore_mmalign,0.2243442256944818,0.16754488047355356,0.031000000000000028,0.5752016236714201
H1258,PIEFold_human,tmscore_mmalign,0.36612264577498765,0.2966048935014897,0.08200000000000007,0.5235858847950181
H1258,zyh_mae_try1E,tmscore_mmalign,0.3393886622614278,0.10270101286270039,0.06400000000000006,0.4662947586922678
H1258,GuijunLab-Human,tmscore_mmalign,0.9300277212228188,0.8451621835155287,0.031500000000000083,0.9233523611831863
H1258,GromihaLab,tmscore_mmalign,,,,
H1258,MQA_base,tmscore_mmalign,0.2828859529602031,0.14051945448527936,0.050000000000000044,0.40495588998443177
H1258,ARC,tmscore_mmalign,,,,
H1258,GuijunLab-Assembly,tmscore_mmalign,0.9300277212228188,0.8451621835155287,0.031500000000000083,0.9233523611831863
H1258,GuijunLab-PAthreader,tmscore_mmalign,0.9347823249390386,0.8476295441885324,0.026000000000000023,0.8805137519460302
H1258,MULTICOM_LLM,tmscore_mmalign,0.9458662180540787,0.6477826464111337,0.05800000000000005,0.6689932537623248
H1258,MULTICOM_AI,tmscore_mmalign,0.5165451687253142,0.11161492374614422,0.08000000000000007,0.4596782563570317
H1258,APOLLO,tmscore_mmalign,,,,
H1258,GuijunLab-QA,tmscore_mmalign,0.9347823249390386,0.8476295441885324,0.026000000000000023,0.8805137519460302
H1258,MULTICOM_GATE,tmscore_mmalign,0.9323704014494535,0.712117324793206,0.06300000000000006,0.8024909185262066
H1258,ModFOLDdock2,tmscore_mmalign,0.8863815990965402,0.5192636003645249,0.031000000000000028,0.7817073170731706
H1258,Pcons,tmscore_mmalign,,,0.10353627760252371,0.5
H1258,VifChartreuse,tmscore_mmalign,0.059718751380592267,0.19467150291191535,0.06566666666666676,0.5951503498370987
H1258,AF_unmasked,tmscore_mmalign,0.08977425378070647,0.21129891443557344,0.14200000000000002,0.4893617021276596
H1258,MULTICOM_human,tmscore_mmalign,0.6648584033985268,0.36754689092576753,0.029000000000000026,0.5971717695900364
H1265,MIEnsembles-Server,tmscore_mmalign,,,,
H1265,COAST,tmscore_mmalign,,,,
H1265,MQA_server,tmscore_mmalign,,,,
H1265,Guijunlab-Complex,tmscore_mmalign,,,,
H1265,ChaePred,tmscore_mmalign,,,,
H1265,VifChartreuseJaune,tmscore_mmalign,,,,
H1265,PIEFold_human,tmscore_mmalign,,,,
H1265,zyh_mae_try1E,tmscore_mmalign,,,,
H1265,GuijunLab-Human,tmscore_mmalign,,,,
H1265,GromihaLab,tmscore_mmalign,,,,
H1265,MQA_base,tmscore_mmalign,,,,
H1265,ARC,tmscore_mmalign,,,,
H1265,GuijunLab-Assembly,tmscore_mmalign,,,,
H1265,GuijunLab-PAthreader,tmscore_mmalign,,,,
H1265,MULTICOM_LLM,tmscore_mmalign,,,,
H1265,MULTICOM_AI,tmscore_mmalign,,,,
H1265,APOLLO,tmscore_mmalign,,,,
H1265,GuijunLab-QA,tmscore_mmalign,,,,
H1265,MULTICOM_GATE,tmscore_mmalign,,,,
H1265,ModFOLDdock2,tmscore_mmalign,,,,
H1265,MQA,tmscore_mmalign,,,,
H1265,VifChartreuse,tmscore_mmalign,,,,
H1265,AF_unmasked,tmscore_mmalign,,,,
H1265,MULTICOM_human,tmscore_mmalign,,,,
T1219v1o,MIEnsembles-Server,tmscore_mmalign,,,,
T1219v1o,COAST,tmscore_mmalign,,,,
T1219v1o,MQA_server,tmscore_mmalign,,,,
T1219v1o,Guijunlab-Complex,tmscore_mmalign,,,,
T1219v1o,ChaePred,tmscore_mmalign,,,,
T1219v1o,VifChartreuseJaune,tmscore_mmalign,,,,
T1219v1o,PIEFold_human,tmscore_mmalign,,,,
T1219v1o,zyh_mae_try1E,tmscore_mmalign,,,,
T1219v1o,GuijunLab-Human,tmscore_mmalign,,,,
T1219v1o,MQA_base,tmscore_mmalign,,,,
T1219v1o,ARC,tmscore_mmalign,,,,
T1219v1o,GuijunLab-Assembly,tmscore_mmalign,,,,
T1219v1o,GuijunLab-PAthreader,tmscore_mmalign,,,,
T1219v1o,MULTICOM_LLM,tmscore_mmalign,,,,
T1219v1o,MULTICOM_AI,tmscore_mmalign,,,,
T1219v1o,APOLLO,tmscore_mmalign,,,,
T1219v1o,GuijunLab-QA,tmscore_mmalign,,,,
T1219v1o,MULTICOM_GATE,tmscore_mmalign,,,,
T1219v1o,ModFOLDdock2,tmscore_mmalign,,,,
T1219v1o,MQA,tmscore_mmalign,,,,
T1219v1o,VifChartreuse,tmscore_mmalign,,,,
T1219v1o,AF_unmasked,tmscore_mmalign,,,,
T1219v1o,MULTICOM_human,tmscore_mmalign,,,,
T1201o,MIEnsembles-Server,tmscore_mmalign,0.9882710944934371,0.5326418984480223,0.014000000000000012,0.6667994687915006
T1201o,COAST,tmscore_mmalign,0.8352449689980195,0.4190138498787734,0.019000000000000017,0.6388676064970885
T1201o,MQA_server,tmscore_mmalign,0.8262846335431594,0.41467180576639,0.007000000000000006,0.6331815594763802
T1201o,Guijunlab-Complex,tmscore_mmalign,0.7071152945538755,0.34241870462197294,0.020000000000000018,0.6177385695313983
T1201o,ChaePred,tmscore_mmalign,0.8579378529833608,0.5011959126745343,0.010000000000000009,0.6606526275848985
T1201o,VifChartreuseJaune,tmscore_mmalign,0.41258157668603745,-0.05028809149268022,0.367,0.48813559322033906
T1201o,PIEFold_human,tmscore_mmalign,-0.7316601370065388,-0.4675245510570449,0.784,0.32379055207740465
T1201o,zyh_mae_try1E,tmscore_mmalign,0.2796463527595258,0.1456179441330802,0.608,0.5615442989944983
T1201o,GuijunLab-Human,tmscore_mmalign,0.9878289401940853,0.6025149717543636,0.01100000000000001,0.6830392714854866
T1201o,GromihaLab,tmscore_mmalign,,,,
T1201o,MQA_base,tmscore_mmalign,0.8700250106574627,0.4161639594355482,0.007000000000000006,0.6359893758300132
T1201o,ARC,tmscore_mmalign,,,,
T1201o,GuijunLab-Assembly,tmscore_mmalign,0.9605905766207501,0.5294774952201021,0.026000000000000023,0.6867197875166002
T1201o,GuijunLab-PAthreader,tmscore_mmalign,0.8765517265434339,0.48312785247195245,0.027000000000000024,0.6793208119901347
T1201o,MULTICOM_LLM,tmscore_mmalign,0.38035048136718164,0.04626294768591691,0.014000000000000012,0.4489280971352685
T1201o,MULTICOM_AI,tmscore_mmalign,0.6779633153617028,0.3008807260884365,0.014000000000000012,0.5620375640295958
T1201o,APOLLO,tmscore_mmalign,,,,
T1201o,milliseconds,tmscore_mmalign,0.9949262856913715,0.6371992091689571,0.010000000000000009,0.6909884272434073
T1201o,GuijunLab-QA,tmscore_mmalign,0.9929526959704813,0.4965862745803371,0.014499999999999957,0.6136975905900208
T1201o,MULTICOM_GATE,tmscore_mmalign,0.97842030040521,0.4278667803017822,0.014000000000000012,0.5852020489470688
T1201o,ModFOLDdock2,tmscore_mmalign,0.9447809792460671,0.48287382027464393,0.010000000000000009,0.6291405805350029
T1201o,MQA,tmscore_mmalign,0.8444291493006317,0.5021563062921958,0.020000000000000018,0.6762284196547145
T1201o,Pcons,tmscore_mmalign,0.9928485916311519,0.6285465859313941,0.01200000000000001,0.693075317776513
T1201o,VifChartreuse,tmscore_mmalign,0.11438081329313199,0.03077993997552865,0.010000000000000009,0.5067547357926221
T1201o,AF_unmasked,tmscore_mmalign,0.8395161049979778,0.36335315086376646,0.03799999999999992,0.5860961538461539
T1201o,KiharaLab,tmscore_mmalign,,,,
H1222,MIEnsembles-Server,tmscore_mmalign,0.9214477717760482,0.3641988298861762,0.039999999999999925,0.48477047704770476
H1222,COAST,tmscore_mmalign,0.3154767253350141,0.16341091940979013,0.03300000000000003,0.5488636363636363
H1222,MQA_server,tmscore_mmalign,0.48260336155371314,0.5890657778466061,0.03499999999999992,0.8516651665166518
H1222,Guijunlab-Complex,tmscore_mmalign,0.6825601018884007,0.5403865497380854,0.03499999999999992,0.8296129612961297
H1222,ChaePred,tmscore_mmalign,0.5417724573796533,0.5849363164953754,0.015000000000000013,0.843996399639964
H1222,VifChartreuseJaune,tmscore_mmalign,0.5122517006010888,0.4568968045911424,0.011666666666666603,0.8121904071523499
H1222,PIEFold_human,tmscore_mmalign,0.5313708970443565,0.21088408729333888,0.126,0.6752835283528352
H1222,zyh_mae_try1E,tmscore_mmalign,0.20738529071624995,0.03539555197631559,0.014000000000000012,0.5452385238523852
H1222,GuijunLab-Human,tmscore_mmalign,0.8762144529076553,0.8567437426645907,0.015249999999999986,0.9735193519351935
H1222,GromihaLab,tmscore_mmalign,,,,
H1222,MQA_base,tmscore_mmalign,0.48260336155371314,0.5890657778466061,0.03499999999999992,0.8516651665166518
H1222,ARC,tmscore_mmalign,,,,
H1222,GuijunLab-Assembly,tmscore_mmalign,0.5798591187320941,0.5681003030462094,0.007000000000000006,0.7705130513051305
H1222,GuijunLab-PAthreader,tmscore_mmalign,0.6797863589634723,0.5669980460265747,0.010000000000000009,0.8106750675067507
H1222,MULTICOM_LLM,tmscore_mmalign,0.9861706935634588,0.9206996131170724,0.009000000000000008,0.9739153915391539
H1222,MULTICOM_AI,tmscore_mmalign,0.5867087339618445,0.4309835383678499,0.07099999999999995,0.7299549954995501
H1222,APOLLO,tmscore_mmalign,,,,
H1222,GuijunLab-QA,tmscore_mmalign,0.8732503550476025,0.8487490540204461,0.010600000000000054,0.9694689468946894
H1222,MULTICOM_GATE,tmscore_mmalign,0.9800032018148392,0.9071425108141028,0.013000000000000012,0.968946894689469
H1222,ModFOLDdock2,tmscore_mmalign,0.8122280489859438,0.8253547204149477,0.01100000000000001,0.9628622862286228
H1222,MQA,tmscore_mmalign,0.1861037013183897,-0.11658366852889895,0.040999999999999925,0.30023402340234023
H1222,Pcons,tmscore_mmalign,0.701462124789214,0.814337194527205,0.01200000000000001,0.9519711971197119
H1222,VifChartreuse,tmscore_mmalign,0.30031011009389463,0.5821416706034543,0.0,0.8677459627079055
H1222,AF_unmasked,tmscore_mmalign,0.20809866803313126,0.3490977293020168,0.20199999999999996,0.7425022502250225
H1222,MULTICOM_human,tmscore_mmalign,0.811647678798886,0.6033155920518904,0.07099999999999995,0.7660126012601259
H1215,MIEnsembles-Server,tmscore_mmalign,0.9866012952296728,0.9008440563619434,1.1102230246251565e-16,0.9884669785659884
H1215,COAST,tmscore_mmalign,0.05477265418470058,0.07665474333986164,0.44399999999999995,0.5497915962599976
H1215,MQA_server,tmscore_mmalign,0.11733269405237368,0.07130960491530132,0.377,0.4693722119464694
H1215,Guijunlab-Complex,tmscore_mmalign,0.2480356148233601,0.3112897497177747,0.375,0.6173067856236174
H1215,ChaePred,tmscore_mmalign,0.10699923662887485,0.4266544085188632,0.278,0.7066333006927066
H1215,VifChartreuseJaune,tmscore_mmalign,0.38457688505236115,0.32739706870512536,0.388,0.6767676767676767
H1215,PIEFold_human,tmscore_mmalign,0.08601779136529325,-0.1111972006318905,0.389,0.4142820875494143
H1215,zyh_mae_try1E,tmscore_mmalign,0.03698576848528963,0.10904054044506006,0.41400000000000003,0.5167878411457382
H1215,GuijunLab-Human,tmscore_mmalign,0.5849690776377973,0.6880443231197652,0.30099999999999993,0.8647473603448906
H1215,GromihaLab,tmscore_mmalign,,,,
H1215,MQA_base,tmscore_mmalign,0.11733269405237368,0.07130960491530132,0.377,0.4693722119464694
H1215,ARC,tmscore_mmalign,,,,
H1215,GuijunLab-Assembly,tmscore_mmalign,0.15782864272441455,0.1231297892543434,0.376,0.42953994194600176
H1215,GuijunLab-PAthreader,tmscore_mmalign,0.25349398683734947,0.3548245487063416,0.375,0.6236345036717694
H1215,MULTICOM_LLM,tmscore_mmalign,0.34958229951094116,0.28255364503877994,0.377,0.5854096398650854
H1215,MULTICOM_AI,tmscore_mmalign,0.21405834307210278,0.32807766594381205,0.377,0.6760417800021761
H1215,APOLLO,tmscore_mmalign,,,,
H1215,GuijunLab-QA,tmscore_mmalign,0.5289570938668737,0.4076086172144281,0.375,0.7043586277446933
H1215,MULTICOM_GATE,tmscore_mmalign,0.4098021868899453,0.43128605598227904,0.0030000000000000027,0.6746998875711747
H1215,ModFOLDdock2,tmscore_mmalign,0.986824598570553,0.8762365080199617,0.0020000000000000018,0.9937801472454938
H1215,MQA,tmscore_mmalign,0.1673255489267621,0.10886843196180487,0.376,0.4547564646574548
H1215,Pcons,tmscore_mmalign,0.28596777646398275,0.22112317676344706,0.377,0.5469843687665469
H1215,VifChartreuse,tmscore_mmalign,0.26573275040005795,0.30148061852659075,0.375,0.6615205081114172
H1215,AF_unmasked,tmscore_mmalign,0.256281763265629,0.42718155881145675,0.007000000000000006,0.7117444953450569
H1215,MULTICOM_human,tmscore_mmalign,0.4076928745907622,0.482460995877257,0.377,0.7443876255757444
T1292o,MIEnsembles-Server,tmscore_mmalign,0.9870651921593182,0.13161341338828556,0.0040000000000000036,0.3305753839498161
T1292o,COAST,tmscore_mmalign,0.8789150779773988,0.521201505324133,0.006000000000000005,0.7208522604369456
T1292o,MQA_server,tmscore_mmalign,0.516191213625804,0.4152450062185422,0.02400000000000002,0.6381948950897686
T1292o,Guijunlab-Complex,tmscore_mmalign,0.5936599887859202,0.336825551814065,0.006000000000000005,0.5214417045208739
T1292o,ChaePred,tmscore_mmalign,0.9906458454189964,0.16626694737276787,0.004041666666666832,0.3462308025091932
T1292o,VifChartreuseJaune,tmscore_mmalign,0.8959728612029211,0.6159918860904726,0.0040000000000000036,0.7099015790612156
T1292o,PIEFold_human,tmscore_mmalign,-0.06846563307411134,-0.22406981627472816,0.02400000000000002,0.36361669911313
T1292o,zyh_mae_try1E,tmscore_mmalign,0.13593440101577586,0.21778662879089686,0.0030000000000000027,0.6205926887302617
T1292o,GuijunLab-Human,tmscore_mmalign,0.9865872542894065,0.167700883237211,0.004124999999999934,0.33836253515033526
T1292o,GromihaLab,tmscore_mmalign,,,,
T1292o,MQA_base,tmscore_mmalign,0.516191213625804,0.4152450062185422,0.02400000000000002,0.6381948950897686
T1292o,ARC,tmscore_mmalign,,,,
T1292o,GuijunLab-Assembly,tmscore_mmalign,0.953942632500911,0.023393593085882486,0.010750000000000037,0.4374594419208306
T1292o,GuijunLab-PAthreader,tmscore_mmalign,0.6074241719970133,0.5677382140505309,0.0030000000000000027,0.6613130002163097
T1292o,MULTICOM_LLM,tmscore_mmalign,0.9987212022881702,0.33397110443981826,0.0040000000000000036,0.45151957603287907
T1292o,MULTICOM_AI,tmscore_mmalign,0.4800649931443365,0.4061216376249016,0.0020000000000000018,0.6571490374215876
T1292o,APOLLO,tmscore_mmalign,,,,
T1292o,GuijunLab-QA,tmscore_mmalign,0.9861891941067582,0.158587901522339,0.0042000000000000925,0.33495565650010817
T1292o,MULTICOM_GATE,tmscore_mmalign,0.9838361530478015,0.35818906376874526,0.0040000000000000036,0.5092742807700628
T1292o,ModFOLDdock2,tmscore_mmalign,0.9808502895942391,0.8661011524818722,0.0010000000000000009,0.9056619078520441
T1292o,MQA,tmscore_mmalign,0.7394732441180902,0.08304634842031246,0.014000000000000012,0.47788232749296994
T1292o,VifChartreuse,tmscore_mmalign,0.7517817863423906,0.5801784071107094,0.0030000000000000027,0.6358695652173912
T1292o,AF_unmasked,tmscore_mmalign,0.8734790018757475,0.3676191169267054,0.006000000000000005,0.5602152282067921
T1292o,MULTICOM_human,tmscore_mmalign,0.7112755776618565,0.473044971981275,0.0020000000000000018,0.6233506381137789
H1244,MIEnsembles-Server,tmscore_mmalign,0.36482892647027443,0.43731170801059693,0.18699999999999994,0.7790801427644386
H1244,COAST,tmscore_mmalign,0.19101892407027132,0.06322614925304366,0.08999999999999997,0.5460183900069397
H1244,MQA_server,tmscore_mmalign,0.329155032570993,0.28081775426150574,0.07799999999999996,0.6267642764438677
H1244,Guijunlab-Complex,tmscore_mmalign,0.7382348788437558,0.44299441563860487,0.09799999999999998,0.6131773199221284
H1244,ChaePred,tmscore_mmalign,0.6041448319310089,0.29177397072670463,0.013000000000000012,0.566109669046074
H1244,VifChartreuseJaune,tmscore_mmalign,0.7643949113780538,0.2676577509685698,0.132,0.5615641711229947
H1244,PIEFold_human,tmscore_mmalign,0.48766666481551046,0.4001656328727378,0.05499999999999994,0.6731627190136276
H1244,zyh_mae_try1E,tmscore_mmalign,-0.07428244053110944,0.012619474064069906,0.07399999999999995,0.45147571223611394
H1244,GuijunLab-Human,tmscore_mmalign,0.7133750952814644,0.5844457190051497,0.04899999999999993,0.5758233290071382
H1244,GromihaLab,tmscore_mmalign,,,,
H1244,MQA_base,tmscore_mmalign,0.329155032570993,0.28081775426150574,0.07799999999999996,0.6267642764438677
H1244,ARC,tmscore_mmalign,,,,
H1244,GuijunLab-Assembly,tmscore_mmalign,0.6232127913545287,0.47409811181524675,0.07299999999999995,0.6875405580791694
H1244,GuijunLab-PAthreader,tmscore_mmalign,0.5812426316495112,0.3825098335575503,0.050999999999999934,0.5829615509409475
H1244,MULTICOM_LLM,tmscore_mmalign,0.975927166514446,0.7104426623040271,0.05399999999999994,0.6754136924075277
H1244,MULTICOM_AI,tmscore_mmalign,0.26526630980126287,0.18622131083377672,0.10599999999999998,0.5580588903309539
H1244,APOLLO,tmscore_mmalign,,,,
H1244,GuijunLab-QA,tmscore_mmalign,0.8427893352201967,0.6178520125528534,0.04899999999999993,0.6306578520441272
H1244,MULTICOM_GATE,tmscore_mmalign,0.9359359387225279,0.5937164442994062,0.07499999999999996,0.5868348475016223
H1244,ModFOLDdock2,tmscore_mmalign,0.8353894578429834,0.4790655170981538,0.132,0.6164625243348474
H1244,MQA,tmscore_mmalign,0.5622334441529784,0.16732666169665797,0.03299999999999992,0.4728463659961064
H1244,Pcons,tmscore_mmalign,0.9240212983868761,0.6733123935516601,0.04899999999999993,0.6737102530824141
H1244,VifChartreuse,tmscore_mmalign,0.3830104106345088,0.36726876282546195,0.03299999999999992,0.6432040998217469
H1244,AF_unmasked,tmscore_mmalign,0.23491804453960466,0.15623602195781122,0.31799999999999995,0.5977855288773524
H1244,MULTICOM_human,tmscore_mmalign,0.7360660859201629,0.46632543558028017,0.04499999999999993,0.6208833549643089
T1249v2o,MIEnsembles-Server,tmscore_mmalign,0.9707092967304161,0.5564361651972414,0.07299999999999995,0.6078950741231256
T1249v2o,COAST,tmscore_mmalign,0.5583415884307648,0.3729870657010254,0.03799999999999992,0.6098389370701072
T1249v2o,MQA_server,tmscore_mmalign,0.7405961606885896,0.49319188623456234,0.050999999999999934,0.6368821292775666
T1249v2o,Guijunlab-Complex,tmscore_mmalign,0.7987352699270882,0.5125182436431757,0.13,0.6502755585935831
T1249v2o,ChaePred,tmscore_mmalign,0.8089230879005438,0.2896526467123543,0.14900000000000013,0.482547955739736
T1249v2o,VifChartreuseJaune,tmscore_mmalign,-0.35019514454267064,-0.24658480491797397,0.36349999999999993,0.46832449160035367
T1249v2o,PIEFold_human,tmscore_mmalign,0.6556778940710899,0.3994242374782257,0.07999999999999996,0.605417182894006
T1249v2o,GuijunLab-Human,tmscore_mmalign,0.9289280205168845,0.4681359489840017,0.07999999999999996,0.5629939761609775
T1249v2o,GromihaLab,tmscore_mmalign,,,,
T1249v2o,MQA_base,tmscore_mmalign,0.7405961606885896,0.49319188623456234,0.050999999999999934,0.6368821292775666
T1249v2o,ARC,tmscore_mmalign,,,,
T1249v2o,GuijunLab-Assembly,tmscore_mmalign,0.6346999700514581,0.46673891198821865,0.13,0.6221927497789567
T1249v2o,GuijunLab-PAthreader,tmscore_mmalign,0.7249872939125659,0.4176426403762888,0.10599999999999998,0.5852736360917674
T1249v2o,MULTICOM_LLM,tmscore_mmalign,0.9793580021325775,0.5243157716391218,0.08899999999999997,0.6031529029777417
T1249v2o,MULTICOM_AI,tmscore_mmalign,0.4845936499072576,0.33917029314351915,0.06999999999999995,0.6144743025590635
T1249v2o,APOLLO,tmscore_mmalign,,,,
T1249v2o,GuijunLab-QA,tmscore_mmalign,0.8992583962870252,0.4953016947902094,0.06399999999999995,0.6155423591233391
T1249v2o,MULTICOM_GATE,tmscore_mmalign,0.9374511570653439,0.49820278575237154,0.07299999999999995,0.5675866193873628
T1249v2o,ModFOLDdock2,tmscore_mmalign,0.8747767492414678,0.29420211536712954,0.1449999999999999,0.5138206519417269
T1249v2o,MQA,tmscore_mmalign,0.8868374258479192,0.4678449120180773,0.07299999999999995,0.6121032169863716
T1249v2o,Pcons,tmscore_mmalign,,,,
T1249v2o,VifChartreuse,tmscore_mmalign,-0.15993796245348807,-0.154559905016582,0.16499999999999992,0.39328028293545536
T1249v2o,AF_unmasked,tmscore_mmalign,0.48480793458435195,0.3727681641976684,0.07599999999999996,0.5999858276643991
T1249v2o,MULTICOM_human,tmscore_mmalign,0.817045459558718,0.4420765226081902,0.06999999999999995,0.5753193489127184
H1223,MIEnsembles-Server,tmscore_mmalign,-0.6972908236657253,-0.639620190552315,0.21799999999999997,0.10372777528761395
H1223,COAST,tmscore_mmalign,0.16580624056896276,0.2875924947344817,0.029000000000000026,0.7011218568665377
H1223,MQA_server,tmscore_mmalign,0.2450689578259353,0.30382246287215364,0.04200000000000004,0.7630173315404154
H1223,Guijunlab-Complex,tmscore_mmalign,0.3525524468460277,0.09349493149626384,0.04400000000000004,0.6295756760794861
H1223,ChaePred,tmscore_mmalign,0.04245469097776678,0.03170437448293079,0.20599999999999996,0.5061444793067383
H1223,VifChartreuseJaune,tmscore_mmalign,0.3322085300016203,0.14448838830683083,0.23299999999999998,0.6035386119257088
H1223,PIEFold_human,tmscore_mmalign,0.2696033006196454,0.23262082802400455,0.08999999999999997,0.5796541162408486
H1223,zyh_mae_try1E,tmscore_mmalign,0.019226724324524866,-0.02224035135822272,0.22199999999999998,0.46985656656207975
H1223,GuijunLab-Human,tmscore_mmalign,-0.7839696328168364,-0.6000149342053133,0.21960000000000002,0.09343717316599436
H1223,GromihaLab,tmscore_mmalign,,,,
H1223,MQA_base,tmscore_mmalign,0.2450689578259353,0.30382246287215364,0.04200000000000004,0.7630173315404154
H1223,ARC,tmscore_mmalign,,,,
H1223,GuijunLab-Assembly,tmscore_mmalign,-0.4130472190498541,-0.6119870487213301,0.22599999999999998,0.14528238458090545
H1223,GuijunLab-PAthreader,tmscore_mmalign,0.31858187568244695,0.32031294231845714,0.243,0.7586657702076797
H1223,MULTICOM_LLM,tmscore_mmalign,-0.01655504490899843,-0.477166925614063,0.21499999999999997,0.200694755714926
H1223,MULTICOM_AI,tmscore_mmalign,0.17101379627291668,-0.15371752267486088,0.22699999999999998,0.43194382190348124
H1223,APOLLO,tmscore_mmalign,,,,
H1223,GuijunLab-QA,tmscore_mmalign,-0.7997828764272366,-0.7485088883432927,0.2393333333333334,0.09481921410428808
H1223,MULTICOM_GATE,tmscore_mmalign,-0.07911971504021963,-0.4614630721046124,0.21699999999999997,0.16647990437770804
H1223,ModFOLDdock2,tmscore_mmalign,-0.2359293595495815,-0.46588688684298873,0.22499999999999998,0.2591887046167638
H1223,MQA,tmscore_mmalign,-0.06926498698881262,0.1166948775412044,0.22899999999999998,0.6484013148065143
H1223,Pcons,tmscore_mmalign,-0.7678313633536387,-0.5477212533828849,0.20199999999999996,0.1438443149559241
H1223,VifChartreuse,tmscore_mmalign,-0.08444411707529983,0.014976415045409803,0.238,0.5314173998044965
H1223,AF_unmasked,tmscore_mmalign,0.27312067497770387,0.32462826020838054,0.22899999999999998,0.7168870461676379
H1223,MULTICOM_human,tmscore_mmalign,0.1497869755784657,-0.38107729888397496,0.23299999999999998,0.23076348423726278
T1257o,MIEnsembles-Server,tmscore_mmalign,0.988388646222832,0.9877665412938011,0.0,0.9918362653788663
T1257o,COAST,tmscore_mmalign,0.6877650201864526,0.6561661862321233,0.731,0.7594572841209613
T1257o,MQA_server,tmscore_mmalign,-0.3379475110741168,-0.3924498233052608,0.731,0.23197654363573647
T1257o,Guijunlab-Complex,tmscore_mmalign,0.4132193076554376,0.60002663082825,0.016000000000000014,0.9075830746234334
T1257o,ChaePred,tmscore_mmalign,0.20926875284208146,0.23816946847820414,0.0020000000000000018,0.7521271702886053
T1257o,VifChartreuseJaune,tmscore_mmalign,0.3756285672526074,0.7904302479347857,0.017249999999999988,0.94314131309647
T1257o,PIEFold_human,tmscore_mmalign,-0.026389813263079966,0.02603008824588803,0.615,0.6127400252960792
T1257o,zyh_mae_try1E,tmscore_mmalign,-0.16802643184855326,-0.17879370979040052,0.552,0.414568241922502
T1257o,GuijunLab-Human,tmscore_mmalign,0.9866225728248934,0.9767628524870099,0.0044999999999999485,0.9936472346786248
T1257o,GromihaLab,tmscore_mmalign,,,,
T1257o,MQA_base,tmscore_mmalign,-0.3379475110741168,-0.3924498233052608,0.731,0.23197654363573647
T1257o,ARC,tmscore_mmalign,,,,
T1257o,GuijunLab-Assembly,tmscore_mmalign,0.9866225728248934,0.9767628524870099,0.0044999999999999485,0.9936472346786248
T1257o,GuijunLab-PAthreader,tmscore_mmalign,0.9880263889723672,0.9773986065857496,0.0050000000000000044,0.993331033689778
T1257o,MULTICOM_LLM,tmscore_mmalign,0.9753277367363195,0.9763664553972673,0.017000000000000015,0.98919167529033
T1257o,MULTICOM_AI,tmscore_mmalign,0.5248024614690845,0.7503394534987353,0.0020000000000000018,0.9601011843164309
T1257o,APOLLO,tmscore_mmalign,,,,
T1257o,GuijunLab-QA,tmscore_mmalign,0.9880263889723672,0.9773986065857496,0.0050000000000000044,0.993331033689778
T1257o,MULTICOM_GATE,tmscore_mmalign,0.9835722190583944,0.9733228294153841,0.0050000000000000044,0.9874669426238933
T1257o,ModFOLDdock2,tmscore_mmalign,0.95956753945264,0.9743705341205836,0.015000000000000013,0.9836725307577325
T1257o,MQA,tmscore_mmalign,-0.3379475110741168,-0.3924498233052608,0.731,0.23197654363573647
T1257o,Pcons,tmscore_mmalign,,,0.3204019933554817,0.5
T1257o,VifChartreuse,tmscore_mmalign,0.8391897349609698,0.7834138692762864,0.015705882352941236,0.9315281131424629
T1257o,AF_unmasked,tmscore_mmalign,-0.5325585209983432,-0.4392840136195802,0.731,0.25721513165459353
T1257o,MULTICOM_human,tmscore_mmalign,0.8188046756437538,0.9101089387321537,0.0020000000000000018,0.9821202713579396
T1294v2o,MIEnsembles-Server,tmscore_mmalign,0.993561684005872,0.5757544032782029,0.007000000000000006,0.6785571941012356
T1294v2o,COAST,tmscore_mmalign,0.9579811013519339,0.3624575320498636,0.008499999999999952,0.5407200743988309
T1294v2o,Guijunlab-Complex,tmscore_mmalign,0.7430399010700011,0.28748386370427387,0.121,0.5210575262388734
T1294v2o,ChaePred,tmscore_mmalign,0.9929118116435613,0.7825649800154186,0.0030000000000000027,0.8852796598910588
T1294v2o,VifChartreuseJaune,tmscore_mmalign,0.8917213547274339,0.4672824615421558,0.007000000000000006,0.723927195429786
T1294v2o,PIEFold_human,tmscore_mmalign,0.34369437425597554,0.059750235519301885,0.009000000000000008,0.39202205393915246
T1294v2o,zyh_mae_try1E,tmscore_mmalign,-0.01719593242168606,0.04612337244840911,0.017999999999999905,0.5401886541782915
T1294v2o,GuijunLab-Human,tmscore_mmalign,0.9779818824439507,0.3524336676630931,0.011230769230769377,0.4883419689119171
T1294v2o,ARC,tmscore_mmalign,,,,
T1294v2o,GuijunLab-Assembly,tmscore_mmalign,0.9735723083837234,0.3237218845746036,0.0040000000000000036,0.5992095124219476
T1294v2o,GuijunLab-PAthreader,tmscore_mmalign,0.7478528883866065,0.4556004996042228,0.01100000000000001,0.6112993224392188
T1294v2o,MULTICOM_LLM,tmscore_mmalign,0.9983534304581245,0.6714819862691952,0.010000000000000009,0.7378769762189452
T1294v2o,MULTICOM_AI,tmscore_mmalign,0.49323915854282063,0.479421721468145,0.009000000000000008,0.7127673707984589
T1294v2o,APOLLO,tmscore_mmalign,,,,
T1294v2o,GuijunLab-QA,tmscore_mmalign,0.9775896204760197,0.35717140725357654,0.008600000000000163,0.4871462734157035
T1294v2o,MULTICOM_GATE,tmscore_mmalign,0.9943123845888564,0.6070751243907054,0.0040000000000000036,0.7315995748638235
T1294v2o,ModFOLDdock2,tmscore_mmalign,0.9793358422841032,0.7199088696839597,0.010000000000000009,0.7741464062707586
T1294v2o,VifChartreuse,tmscore_mmalign,0.6896829208457839,0.6744809017588197,0.014000000000000012,0.8669124485186661
T1294v2o,AF_unmasked,tmscore_mmalign,0.8584191207293641,0.5089309660978732,0.008000000000000007,0.6455427129002259
T1294v2o,MULTICOM_human,tmscore_mmalign,0.7837148433663821,0.694812097355038,0.0040000000000000036,0.8128736548425668
H1272,MIEnsembles-Server,tmscore_mmalign,0.6037617623977967,0.6770337596149214,0.133,0.6933715220949264
H1272,MQA_server,tmscore_mmalign,0.8547409296642182,0.5004365446323144,0.17400000000000004,0.5874675885911842
H1272,Guijunlab-Complex,tmscore_mmalign,0.7454740020952786,0.5578611161992162,0.1137499999999999,0.5999590834697218
H1272,ChaePred,tmscore_mmalign,0.29364546966027216,0.30533857803310044,0.11599999999999999,0.5749590834697219
H1272,VifChartreuseJaune,tmscore_mmalign,0.799683136745648,0.5479383200077595,0.11599999999999999,0.6049180327868853
H1272,PIEFold_human,tmscore_mmalign,0.035047412328073194,0.3974774429248888,0.09599999999999997,0.6772913256955809
H1272,GuijunLab-Human,tmscore_mmalign,0.6870820936414839,0.5730162205253535,0.1137499999999999,0.6045008183306055
H1272,MQA_base,tmscore_mmalign,0.8547409296642182,0.5004365446323144,0.17400000000000004,0.5874675885911842
H1272,GuijunLab-Assembly,tmscore_mmalign,0.6870820936414839,0.5730162205253535,0.1137499999999999,0.6045008183306055
H1272,GuijunLab-PAthreader,tmscore_mmalign,0.7454740020952786,0.5578611161992162,0.1137499999999999,0.5999590834697218
H1272,MULTICOM_LLM,tmscore_mmalign,0.8598448587396,0.6782032607767974,0.10999999999999999,0.7159574468085106
H1272,MULTICOM_AI,tmscore_mmalign,0.14205979849811354,0.3103129935761079,0.34,0.6128068739770868
H1272,GuijunLab-QA,tmscore_mmalign,0.7454740020952786,0.5578611161992162,0.1137499999999999,0.5999590834697218
H1272,MULTICOM_GATE,tmscore_mmalign,0.6748254293155636,0.6413918285106599,0.10499999999999998,0.7494271685761048
H1272,ModFOLDdock2,tmscore_mmalign,0.47043445643573845,0.6562152702837196,0.119,0.6601063829787235
H1272,MQA,tmscore_mmalign,0.21615937840655988,0.13463024489796108,0.516,0.5426101987899741
H1272,VifChartreuse,tmscore_mmalign,0.44175093745959215,0.48693666539932,0.11499999999999999,0.5258932324506095
H1272,AF_unmasked,tmscore_mmalign,,,,
H1272,MULTICOM_human,tmscore_mmalign,0.24141961334902814,0.38629531629773467,0.534,0.6799509001636661
H1220,MIEnsembles-Server,tmscore_mmalign,0.7969069770755699,0.7772027260893619,0.040999999999999925,0.7793855382619974
H1220,COAST,tmscore_mmalign,0.2458763193468108,-0.09677095633863071,0.10599999999999998,0.42739335317460314
H1220,Guijunlab-Complex,tmscore_mmalign,0.48303392268151724,0.46123935458131077,0.028999999999999915,0.6528858625162127
H1220,ChaePred,tmscore_mmalign,0.5318323031375698,0.46180181740206566,0.038999999999999924,0.6145022697795072
H1220,VifChartreuseJaune,tmscore_mmalign,0.29091879146322214,0.2489236634337209,0.03399999999999992,0.6023564401738732
H1220,PIEFold_human,tmscore_mmalign,-0.0043474899484587,0.2534253381781937,0.03499999999999992,0.49689931906614787
H1220,zyh_mae_try1E,tmscore_mmalign,0.21080595022678772,0.17882854655026248,0.03699999999999992,0.536924448767834
H1220,GuijunLab-Human,tmscore_mmalign,0.7624146021948116,0.6921383632604037,0.038999999999999924,0.7150818741893645
H1220,GromihaLab,tmscore_mmalign,,,,
H1220,MQA_base,tmscore_mmalign,0.3437373237492601,0.24912523990413354,0.127,0.5026345654993515
H1220,ARC,tmscore_mmalign,,,,
H1220,GuijunLab-Assembly,tmscore_mmalign,0.7420324853285046,0.6914743200573868,0.03499999999999992,0.7046246757457847
H1220,GuijunLab-PAthreader,tmscore_mmalign,0.6326162212707777,0.38207865708634914,0.03799999999999992,0.6060513942931258
H1220,MULTICOM_LLM,tmscore_mmalign,0.9129024684224909,0.7190429854158527,0.03499999999999992,0.7297746433203633
H1220,MULTICOM_AI,tmscore_mmalign,0.11654090747920297,0.22406842559121554,0.10499999999999998,0.5791990920881971
H1220,APOLLO,tmscore_mmalign,,,,
H1220,GuijunLab-QA,tmscore_mmalign,0.7371303617186173,0.6971099112555937,0.03399999999999981,0.7228437094682232
H1220,MULTICOM_GATE,tmscore_mmalign,0.9214847734754549,0.7077952429069979,0.04299999999999993,0.7334427691309987
H1220,ModFOLDdock2,tmscore_mmalign,0.626783080144953,0.648836139601995,0.03399999999999992,0.6597357328145266
H1220,Pcons,tmscore_mmalign,0.5864007780178251,0.6714329196645121,0.04499999999999993,0.7005512321660182
H1220,VifChartreuse,tmscore_mmalign,0.19766319470396693,0.2986859371878197,0.03599999999999992,0.5887211164493251
H1220,AF_unmasked,tmscore_mmalign,0.16170384569955581,0.22210597290311443,0.04499999999999993,0.4986827172503243
H1220,MULTICOM_human,tmscore_mmalign,0.41334701882350444,0.4935060751334738,0.10499999999999998,0.6738610570687419
T1206o,MIEnsembles-Server,tmscore_mmalign,0.9990369278475755,0.7709015127846712,0.0020000000000000018,0.7859540827377085
T1206o,COAST,tmscore_mmalign,0.9590878684649768,0.3873099877476348,0.05600000000000005,0.6119052775972854
T1206o,MQA_server,tmscore_mmalign,0.8869137628492342,0.5348726350320689,0.006000000000000005,0.7481228792144972
T1206o,Guijunlab-Complex,tmscore_mmalign,0.9086162723179934,0.35993947254436387,0.0030000000000000027,0.5457909176232764
T1206o,ChaePred,tmscore_mmalign,0.9547433830604501,0.42438388190081067,0.040000000000000036,0.6281856905638582
T1206o,VifChartreuseJaune,tmscore_mmalign,0.8599590582346042,0.06456095995981315,0.08999999999999997,0.572758952174958
T1206o,PIEFold_human,tmscore_mmalign,0.8728480086205086,0.12166052858310913,0.014000000000000012,0.4723666161287994
T1206o,zyh_mae_try1E,tmscore_mmalign,0.633686437589321,0.43958177395943043,0.0020000000000000018,0.6351526965562053
T1206o,GuijunLab-Human,tmscore_mmalign,0.9951673044330676,0.7636943404538061,0.0010000000000000009,0.7657569850552307
T1206o,GromihaLab,tmscore_mmalign,,,,
T1206o,MQA_base,tmscore_mmalign,0.8869137628492342,0.5348726350320689,0.006000000000000005,0.7481228792144972
T1206o,ARC,tmscore_mmalign,,,,
T1206o,GuijunLab-Assembly,tmscore_mmalign,0.9905166987242755,0.24569955180119765,0.0010000000000000009,0.46243953505162083
T1206o,GuijunLab-PAthreader,tmscore_mmalign,0.9359358909492412,0.6494465614678637,0.0003750000000000142,0.8029384159988449
T1206o,MULTICOM_LLM,tmscore_mmalign,0.9996364331635612,0.7833905491184598,0.0010000000000000009,0.7929752364450221
T1206o,MULTICOM_AI,tmscore_mmalign,0.8168160846107462,0.6362595392777628,0.0020000000000000018,0.7522200563136237
T1206o,APOLLO,tmscore_mmalign,,,,
T1206o,GuijunLab-QA,tmscore_mmalign,0.9943311058226983,0.7355119802095305,0.0021999999999999797,0.74823117464443
T1206o,MULTICOM_GATE,tmscore_mmalign,0.9935743286918095,0.6587530808854571,0.014000000000000012,0.7183596852212837
T1206o,ModFOLDdock2,tmscore_mmalign,0.9935950208195722,0.5841045429664912,0.041000000000000036,0.7005089885206844
T1206o,MQA,tmscore_mmalign,0.8950107509820937,0.4805354287056903,0.05700000000000005,0.6490686593025774
T1206o,Pcons,tmscore_mmalign,0.9581724179455109,0.5509745461539877,0.0020000000000000018,0.6787416071041803
T1206o,VifChartreuse,tmscore_mmalign,0.7332500764120985,0.2634891651272458,0.04700000000000004,0.6790635263958984
T1206o,AF_unmasked,tmscore_mmalign,0.9303271275018143,0.6852539767394867,0.09799999999999998,0.8012056891199191
T1206o,MULTICOM_human,tmscore_mmalign,0.9107794916306271,0.6524435834011735,0.0020000000000000018,0.7474189589199335
T1270o,MIEnsembles-Server,tmscore_mmalign,0.3133111320816842,0.22999100267427822,0.21299999999999997,0.4034113984025991
T1270o,COAST,tmscore_mmalign,-0.12460123475100492,-0.30085865010195106,0.20299999999999996,0.3071837913451559
T1270o,MQA_server,tmscore_mmalign,0.18130363958229137,-0.03436820963046519,0.21999999999999997,0.3765624294932539
T1270o,Guijunlab-Complex,tmscore_mmalign,0.21795636970875285,-0.06506217945493123,0.23199999999999998,0.3876178872794549
T1270o,ChaePred,tmscore_mmalign,0.052242018712735455,-0.10953948849565123,0.22299999999999998,0.2807183791345156
T1270o,VifChartreuseJaune,tmscore_mmalign,-0.06110558196642549,0.027611164775623896,0.136,0.49375
T1270o,PIEFold_human,tmscore_mmalign,0.14307148810166626,0.0757438308228215,0.10499999999999998,0.4401877171607779
T1270o,GuijunLab-Human,tmscore_mmalign,0.2772606824664983,0.2796532491381237,0.19399999999999995,0.4297865619782501
T1270o,GromihaLab,tmscore_mmalign,,,,
T1270o,MQA_base,tmscore_mmalign,0.18130363958229137,-0.03436820963046519,0.21999999999999997,0.3765624294932539
T1270o,ARC,tmscore_mmalign,,,,
T1270o,GuijunLab-Assembly,tmscore_mmalign,0.28308790462448286,0.2784361527539121,0.20799999999999996,0.42947069175578717
T1270o,GuijunLab-PAthreader,tmscore_mmalign,0.2196541177851759,-0.05822316338278985,0.22699999999999998,0.32979107440999955
T1270o,MULTICOM_LLM,tmscore_mmalign,0.35203728357957587,0.24062992463335597,0.20599999999999996,0.4083073868507739
T1270o,MULTICOM_AI,tmscore_mmalign,0.18754709927548313,-0.01995649209824038,0.21299999999999997,0.3796534452416407
T1270o,APOLLO,tmscore_mmalign,,,,
T1270o,GuijunLab-QA,tmscore_mmalign,0.27977867219494945,0.27805649100539953,0.20999999999999996,0.42540950318126436
T1270o,MULTICOM_GATE,tmscore_mmalign,0.40036634930478265,0.10339551416219821,0.19599999999999995,0.34957808763142456
T1270o,ModFOLDdock2,tmscore_mmalign,0.34335626378386236,0.18029393989399292,0.136,0.5038355669870493
T1270o,MQA,tmscore_mmalign,0.4566574448742428,0.3835166866591817,0.08599999999999997,0.5673254817020892
T1270o,Pcons,tmscore_mmalign,0.19126814514078444,0.1178158464757738,0.20599999999999996,0.3450882180407021
T1270o,VifChartreuse,tmscore_mmalign,0.06549133514998805,0.22412988200600342,0.136,0.5499735169491525
T1270o,AF_unmasked,tmscore_mmalign,0.09374068724957707,-0.11744933436944373,0.23199999999999998,0.3181264383376201
T1270o,MULTICOM_human,tmscore_mmalign,0.29258609369602606,0.04972515129536496,0.21299999999999997,0.34851766617029917
T1240o,MIEnsembles-Server,tmscore_mmalign,-0.024970327080931463,-0.045386495698647465,0.392,0.4514857881136951
T1240o,COAST,tmscore_mmalign,-0.04280863014059509,-0.07314056871814414,0.32799999999999996,0.4117571059431525
T1240o,MQA_server,tmscore_mmalign,0.26303720784104834,0.30112290089217386,0.386,0.7186261843238587
T1240o,Guijunlab-Complex,tmscore_mmalign,-0.20564774360961457,-0.31382050013306495,0.46499999999999997,0.36285529715762277
T1240o,ChaePred,tmscore_mmalign,0.08167455390256302,0.18901236292801152,0.45299999999999996,0.64515503875969
T1240o,VifChartreuseJaune,tmscore_mmalign,-0.2484473352410431,-0.26192198457956134,0.2706153846153846,0.36334045860862807
T1240o,PIEFold_human,tmscore_mmalign,-0.03579444128644631,0.08404964304749972,0.33699999999999997,0.5845176571920757
T1240o,zyh_mae_try1E,tmscore_mmalign,-0.04484167344602572,-0.08316195077465578,0.46799999999999997,0.42114556416882004
T1240o,GuijunLab-Human,tmscore_mmalign,-0.14880724928756614,-0.24120295026029118,0.44799999999999995,0.35542635658914734
T1240o,MQA_base,tmscore_mmalign,0.26303720784104834,0.30112290089217386,0.386,0.7186261843238587
T1240o,ARC,tmscore_mmalign,,,,
T1240o,GuijunLab-Assembly,tmscore_mmalign,0.07993687878413099,-0.17007256371731377,0.28500000000000003,0.43804909560723515
T1240o,GuijunLab-PAthreader,tmscore_mmalign,0.09218829738178456,-0.0204930175819325,0.655,0.4541343669250646
T1240o,MULTICOM_LLM,tmscore_mmalign,-0.013167689040595829,0.019759291351098617,0.357,0.499504737295435
T1240o,MULTICOM_AI,tmscore_mmalign,0.18987435499283364,0.2989493315108,0.383,0.6878122308354866
T1240o,APOLLO,tmscore_mmalign,,,,
T1240o,GuijunLab-QA,tmscore_mmalign,-0.02919955644516205,-0.10722996053255472,0.32599999999999996,0.4065245478036176
T1240o,MULTICOM_GATE,tmscore_mmalign,-0.0735378435619068,-0.10044200916187912,0.386,0.4226959517657192
T1240o,ModFOLDdock2,tmscore_mmalign,-0.01631717279497856,-0.06618679245442058,0.236,0.4915159345391904
T1240o,MQA,tmscore_mmalign,-0.3097384790170581,-0.28074495910391084,0.23799999999999988,0.32795004306632214
T1240o,Pcons,tmscore_mmalign,0.08394410713037712,0.1584408349651593,0.30599999999999994,0.6242032730404823
T1240o,VifChartreuse,tmscore_mmalign,-0.011524975875319726,-0.0912529026779766,0.22569230769230786,0.43881169840652934
T1240o,AF_unmasked,tmscore_mmalign,0.2662007436371547,0.3139455406699096,0.32999999999999996,0.6814814814814815
T1240o,MULTICOM_human,tmscore_mmalign,0.08901820432269883,0.09205470001174579,0.383,0.5597760551248923
H1225,MIEnsembles-Server,tmscore_mmalign,0.047498383169827706,-0.22724382944589197,0.121,0.5138680926916221
H1225,COAST,tmscore_mmalign,0.044110842366903116,0.10510813654892195,0.061999999999999944,0.6084187462863933
H1225,MQA_server,tmscore_mmalign,0.2696313764700174,0.16084037647021623,0.017999999999999905,0.5494117647058824
H1225,Guijunlab-Complex,tmscore_mmalign,0.6696271525420572,0.2539894393266243,0.05899999999999994,0.6034046345811052
H1225,ChaePred,tmscore_mmalign,0.36963651246994506,0.037773358238749326,0.016999999999999904,0.5312655971479501
H1225,VifChartreuseJaune,tmscore_mmalign,0.5008674300317579,0.059427758001643835,0.07599999999999996,0.5128369954807543
H1225,PIEFold_human,tmscore_mmalign,0.529618564373836,-0.10950193488540884,0.050999999999999934,0.47344028520499104
H1225,zyh_mae_try1E,tmscore_mmalign,0.24148221763426908,0.10825131197740798,0.09299999999999997,0.5934581105169341
H1225,GuijunLab-Human,tmscore_mmalign,0.8405465712989413,0.8620074651054198,0.020999999999999797,0.9029411764705882
H1225,GromihaLab,tmscore_mmalign,,,,
H1225,MQA_base,tmscore_mmalign,0.2696313764700174,0.16084037647021623,0.017999999999999905,0.5494117647058824
H1225,ARC,tmscore_mmalign,,,,
H1225,GuijunLab-Assembly,tmscore_mmalign,0.4970271418168119,0.6467598292446595,0.018999999999999906,0.843030303030303
H1225,GuijunLab-PAthreader,tmscore_mmalign,0.5960763028524423,0.24826690278322358,0.06099999999999994,0.5975579322638147
H1225,MULTICOM_LLM,tmscore_mmalign,0.9553285462243559,0.9060108658995389,0.015999999999999903,0.954795008912656
H1225,MULTICOM_AI,tmscore_mmalign,0.41717410397672355,-0.11498242691780544,0.09599999999999997,0.4591978609625669
H1225,APOLLO,tmscore_mmalign,,,,
H1225,GuijunLab-QA,tmscore_mmalign,0.7964562429061818,0.7951132174468117,0.025999999999999912,0.8321925133689839
H1225,MULTICOM_GATE,tmscore_mmalign,0.9562346431229246,0.9060929136436096,0.018999999999999906,0.9426024955436719
H1225,ModFOLDdock2,tmscore_mmalign,0.7869634386591114,0.8231234838599374,0.02199999999999991,0.9193048128342245
H1225,MQA,tmscore_mmalign,0.14184909026165274,0.2876589082027741,0.020999999999999908,0.6705882352941176
H1225,Pcons,tmscore_mmalign,0.4351657146416863,0.6004868597837899,0.026999999999999913,0.79825311942959
H1225,VifChartreuse,tmscore_mmalign,0.1695235782544595,0.23552946443424355,0.09299999999999997,0.6412264297958548
H1225,AF_unmasked,tmscore_mmalign,-0.11003001473879062,-0.4101725739541145,0.118,0.273458110516934
H1225,MULTICOM_human,tmscore_mmalign,0.7186849107208916,0.5897041521893293,0.0119999999999999,0.8132085561497325
H1245,MIEnsembles-Server,tmscore_mmalign,0.992016667336527,0.9616646192220817,0.013000000000000012,0.9977348288334368
H1245,COAST,tmscore_mmalign,0.5193979558782253,0.5342179714789461,0.52,0.7533458646616542
H1245,MQA_server,tmscore_mmalign,0.7285350363535241,0.6659210263859425,0.124,0.7851923568740637
H1245,Guijunlab-Complex,tmscore_mmalign,0.6906039897262541,0.6820303625210441,0.10599999999999998,0.7954952321800446
H1245,ChaePred,tmscore_mmalign,0.6544810618884954,0.7084550758113228,0.30999999999999994,0.8308976654122977
H1245,VifChartreuseJaune,tmscore_mmalign,0.39477347186592116,0.3708895806032526,0.013000000000000012,0.7256600660066007
H1245,PIEFold_human,tmscore_mmalign,0.3222504809506713,0.1260853769928425,0.33299999999999996,0.5529392422637097
H1245,zyh_mae_try1E,tmscore_mmalign,0.08842159704828209,0.022799522796481373,0.44299999999999995,0.4329399729640861
H1245,GuijunLab-Human,tmscore_mmalign,0.9016804785922587,0.8240149456373824,0.11933333333333318,0.8121917357787439
H1245,GromihaLab,tmscore_mmalign,,,,
H1245,MQA_base,tmscore_mmalign,0.7285350363535241,0.6659210263859425,0.124,0.7851923568740637
H1245,ARC,tmscore_mmalign,,,,
H1245,GuijunLab-Assembly,tmscore_mmalign,0.8062386413316185,0.6866418645902419,0.33099999999999996,0.8334003142011619
H1245,GuijunLab-PAthreader,tmscore_mmalign,0.6963639690072487,0.6902099556063538,0.11699999999999999,0.8276277812283073
H1245,MULTICOM_LLM,tmscore_mmalign,0.9290545632226013,0.8575507840137087,0.07599999999999996,0.8740089876146286
H1245,MULTICOM_AI,tmscore_mmalign,0.580360359908265,0.5514692850193431,0.129,0.7825070329911219
H1245,APOLLO,tmscore_mmalign,,,,
H1245,GuijunLab-QA,tmscore_mmalign,0.9057446913740446,0.8236135303101517,0.11299999999999999,0.8155346900003654
H1245,MULTICOM_GATE,tmscore_mmalign,0.9661716010307314,0.8654861971826256,0.07799999999999996,0.8810602462460269
H1245,ModFOLDdock2,tmscore_mmalign,0.9880861216264635,0.9564606759685651,0.01100000000000001,0.9917978882759124
H1245,MQA,tmscore_mmalign,0.8153111242224528,0.7992804105688553,0.33099999999999996,0.8596141902013079
H1245,Pcons,tmscore_mmalign,0.9389718179407589,0.8444634275891255,0.08799999999999997,0.8816265390376676
H1245,VifChartreuse,tmscore_mmalign,0.6734915399487611,0.6832480811896651,0.008571428571428674,0.8560606060606061
H1245,AF_unmasked,tmscore_mmalign,0.6701227912787848,0.6319736992118028,0.008000000000000007,0.8315370282415696
H1245,MULTICOM_human,tmscore_mmalign,0.8660798414569502,0.7840483600377509,0.129,0.890942968835629
T1259o,MIEnsembles-Server,tmscore_mmalign,0.14824056012588743,0.4735746405155564,0.0,0.7941387379227054
T1259o,COAST,tmscore_mmalign,0.07564022438393875,0.04207819967071379,0.5409999999999999,0.5533854166666666
T1259o,MQA_server,tmscore_mmalign,0.01089915129503065,-0.11704300858743318,0.544,0.5142285628019323
T1259o,Guijunlab-Complex,tmscore_mmalign,0.01736037458256169,-0.04334910863189222,0.544,0.5433461654589372
T1259o,ChaePred,tmscore_mmalign,0.12908952931432285,0.4543815758683525,0.5429999999999999,0.7799667874396136
T1259o,VifChartreuseJaune,tmscore_mmalign,0.09752394008323016,0.14215498214660602,0.2845,0.5559482473544974
T1259o,PIEFold_human,tmscore_mmalign,0.052469313159373365,0.018949346109978105,0.5469999999999999,0.6151117149758455
T1259o,zyh_mae_try1E,tmscore_mmalign,0.10333354277395665,0.13406334568845363,0.5489999999999999,0.5580464975845411
T1259o,GuijunLab-Human,tmscore_mmalign,0.03958660696711379,-0.1948129083630656,0.5489999999999999,0.40089070048309183
T1259o,GromihaLab,tmscore_mmalign,,,,
T1259o,MQA_base,tmscore_mmalign,0.01089915129503065,-0.11704300858743318,0.544,0.5142285628019323
T1259o,ARC,tmscore_mmalign,,,,
T1259o,GuijunLab-Assembly,tmscore_mmalign,0.03729613497483211,-0.04892341980104831,0.536,0.5235129830917874
T1259o,GuijunLab-PAthreader,tmscore_mmalign,0.03992124925156565,-0.08346016280973517,0.028000000000000025,0.5425913345410628
T1259o,MULTICOM_LLM,tmscore_mmalign,0.1787156529077012,0.39929859416454594,0.5429999999999999,0.7669836956521738
T1259o,MULTICOM_AI,tmscore_mmalign,0.040172902590824296,-0.02351969008503609,0.552,0.549969806763285
T1259o,APOLLO,tmscore_mmalign,,,,
T1259o,GuijunLab-QA,tmscore_mmalign,0.16418334301898302,0.34158839399438023,0.01200000000000001,0.7230902777777778
T1259o,MULTICOM_GATE,tmscore_mmalign,0.14767665004271122,0.24130383472864073,0.538,0.665949577294686
T1259o,ModFOLDdock2,tmscore_mmalign,0.1462829248193188,0.3716616123529463,0.542,0.7393757548309179
T1259o,MQA,tmscore_mmalign,0.05442616616888804,-0.08567084040008954,0.014000000000000012,0.4929045893719807
T1259o,Pcons,tmscore_mmalign,,,0.32962634408602143,0.5
T1259o,VifChartreuse,tmscore_mmalign,0.15860745663150994,0.21263989737859265,0.538,0.5966641865079365
T1259o,AF_unmasked,tmscore_mmalign,0.096257259419818,-0.02446409328589024,0.020000000000000018,0.5414213466183575
T1259o,MULTICOM_human,tmscore_mmalign,0.05708138371801223,0.049947137491304736,0.5369999999999999,0.5923346920289856
T1218o,MIEnsembles-Server,tmscore_mmalign,0.978148106420782,0.9509362893240408,0.06299999999999994,0.9505135387488329
T1218o,COAST,tmscore_mmalign,0.525187946424261,0.2270533624122178,0.03299999999999992,0.763562091503268
T1218o,MQA_server,tmscore_mmalign,-0.11820003378609104,-0.14275854553002956,0.127,0.4464752567693744
T1218o,Guijunlab-Complex,tmscore_mmalign,-0.17708189008229736,-0.09495071795393262,0.6319999999999999,0.33552754435107374
T1218o,ChaePred,tmscore_mmalign,-0.2438947212373437,0.009316191456130564,0.6239999999999999,0.46792717086834734
T1218o,VifChartreuseJaune,tmscore_mmalign,-0.2911282265051122,-0.04653453303196271,0.704,0.3971005975119993
T1218o,PIEFold_human,tmscore_mmalign,-0.3563380266968018,0.15413893865701725,0.5449999999999999,0.43748832866479925
T1218o,zyh_mae_try1E,tmscore_mmalign,-0.4222907288159495,-0.2663670983886897,0.655,0.2528621204579392
T1218o,GuijunLab-Human,tmscore_mmalign,-0.6353181780496943,-0.5825435936251203,0.584,0.07495331465919702
T1218o,GromihaLab,tmscore_mmalign,,,,
T1218o,MQA_base,tmscore_mmalign,-0.11820003378609104,-0.14275854553002956,0.127,0.4464752567693744
T1218o,ARC,tmscore_mmalign,,,,
T1218o,GuijunLab-Assembly,tmscore_mmalign,-0.437308385114153,-0.1131627978205847,0.661,0.34624183006535947
T1218o,GuijunLab-PAthreader,tmscore_mmalign,-0.07055939825411792,0.2054954513328844,0.09650000000000003,0.5485527544351073
T1218o,MULTICOM_LLM,tmscore_mmalign,-0.4294706089098925,-0.5837718026338791,0.635,0.15546218487394958
T1218o,MULTICOM_AI,tmscore_mmalign,-0.20639079244492375,0.17857976355914598,0.611,0.5362044817927171
T1218o,APOLLO,tmscore_mmalign,,,,
T1218o,GuijunLab-QA,tmscore_mmalign,-0.5099815564527737,-0.5562260757436139,0.584,0.08583099906629318
T1218o,MULTICOM_GATE,tmscore_mmalign,-0.6332503774638221,-0.6471071321572183,0.618,0.12091503267973856
T1218o,ModFOLDdock2,tmscore_mmalign,-0.6449151102631865,-0.7004064462698458,0.6339999999999999,0.10382819794584501
T1218o,MQA,tmscore_mmalign,-0.5632657834990138,-0.18417092254726497,0.5109999999999999,0.344234360410831
T1218o,Pcons,tmscore_mmalign,0.7949283104249437,0.19926873688752533,0.07199999999999995,0.7476657329598506
T1218o,VifChartreuse,tmscore_mmalign,-0.11681168964567623,-0.06093190300119388,0.5193333333333334,0.45609266333627196
T1218o,AF_unmasked,tmscore_mmalign,0.1569103881211632,0.12529208133866396,0.6579999999999999,0.6139169472502806
T1218o,MULTICOM_human,tmscore_mmalign,-0.314922117098389,-0.11926825385480706,0.611,0.33095238095238094
T1295o,MIEnsembles-Server,tmscore_mmalign,,,,
T1295o,COAST,tmscore_mmalign,,,,
T1295o,Guijunlab-Complex,tmscore_mmalign,,,,
T1295o,ChaePred,tmscore_mmalign,,,,
T1295o,VifChartreuseJaune,tmscore_mmalign,,,,
T1295o,PIEFold_human,tmscore_mmalign,,,,
T1295o,zyh_mae_try1E,tmscore_mmalign,,,,
T1295o,GuijunLab-Human,tmscore_mmalign,,,,
T1295o,ARC,tmscore_mmalign,,,,
T1295o,GuijunLab-Assembly,tmscore_mmalign,,,,
T1295o,GuijunLab-PAthreader,tmscore_mmalign,,,,
T1295o,MULTICOM_LLM,tmscore_mmalign,,,,
T1295o,MULTICOM_AI,tmscore_mmalign,,,,
T1295o,APOLLO,tmscore_mmalign,,,,
T1295o,GuijunLab-QA,tmscore_mmalign,,,,
T1295o,MULTICOM_GATE,tmscore_mmalign,,,,
T1295o,ModFOLDdock2,tmscore_mmalign,,,,
T1295o,VifChartreuse,tmscore_mmalign,,,,
T1295o,AF_unmasked,tmscore_mmalign,,,,
T1295o,MULTICOM_human,tmscore_mmalign,,,,
H1204,MIEnsembles-Server,tmscore_mmalign,0.19793960788513593,0.08177210942365835,0.31979999999999986,0.39227690134212384
H1204,COAST,tmscore_mmalign,0.03359126609137816,-0.11929761444824122,0.0,0.4934704261182956
H1204,MQA_server,tmscore_mmalign,0.05339548758173642,0.07014435763322066,0.30499999999999994,0.5455223294874814
H1204,Guijunlab-Complex,tmscore_mmalign,0.024139234845750562,-0.01483272529299046,0.629,0.5271171807550428
H1204,ChaePred,tmscore_mmalign,0.1349603260568872,0.16607343005538475,0.32299999999999995,0.5507220783298015
H1204,VifChartreuseJaune,tmscore_mmalign,-0.066719729254053,-0.16629927803329653,0.641,0.36209975002975836
H1204,PIEFold_human,tmscore_mmalign,0.016655751967803785,-0.07860893535509447,0.583,0.5913978494623657
H1204,zyh_mae_try1E,tmscore_mmalign,-0.09911863988092931,-0.11702921748461159,0.353,0.4771014834000471
H1204,GuijunLab-Human,tmscore_mmalign,-0.033524541394801606,-0.1369845703193314,0.31799999999999995,0.3466172199984302
H1204,GromihaLab,tmscore_mmalign,,,,
H1204,MQA_base,tmscore_mmalign,0.10661707692804767,0.06075063226665249,0.30499999999999994,0.5385370065144023
H1204,ARC,tmscore_mmalign,,,,
H1204,GuijunLab-Assembly,tmscore_mmalign,0.2502769213061954,0.22124949480278863,0.2597499999999999,0.6286202024958795
H1204,GuijunLab-PAthreader,tmscore_mmalign,-0.053177033835319513,-0.07361041188014748,0.349,0.49760615336315833
H1204,MULTICOM_LLM,tmscore_mmalign,0.038238665845289746,0.06122152928608839,0.0,0.5796052115218586
H1204,MULTICOM_AI,tmscore_mmalign,-0.017470606872341053,0.028036660029496185,0.59,0.5175810375951652
H1204,APOLLO,tmscore_mmalign,,,,
H1204,milliseconds,tmscore_mmalign,0.10990502090659571,-0.2829945737340127,0.3433999999999999,0.3378855662820815
H1204,GuijunLab-QA,tmscore_mmalign,0.11290222931502324,0.0958032938209227,0.32099999999999995,0.4974688015069461
H1204,MULTICOM_GATE,tmscore_mmalign,0.001517804894530187,-0.2979040206574618,0.2839999999999999,0.2966603877246684
H1204,ModFOLDdock2,tmscore_mmalign,-0.1780931140564667,-0.3659683569812853,0.33799999999999997,0.25357114826151794
H1204,MQA,tmscore_mmalign,0.02837778628957851,-0.1587144615663728,0.35050000000000003,0.48063338827407576
H1204,Pcons,tmscore_mmalign,0.04889776905545706,-0.2176478552690085,0.563,0.3685542736048976
H1204,VifChartreuse,tmscore_mmalign,-0.06252151841478357,-0.14124884831726017,0.30299999999999994,0.35696147284053487
H1204,AF_unmasked,tmscore_mmalign,-0.0032126134231791267,0.005902028715889326,0.32099999999999995,0.5620393862510571
T1235o,MIEnsembles-Server,tmscore_mmalign,0.9584296564678938,0.1850844756528984,0.07699999999999996,0.3075406123086536
T1235o,COAST,tmscore_mmalign,0.42267285083513534,0.7188855274841106,0.07599999999999996,0.8987443814735196
T1235o,MQA_server,tmscore_mmalign,0.6030533424375704,0.11030769831179195,0.0010000000000000009,0.3692400812246173
T1235o,Guijunlab-Complex,tmscore_mmalign,0.4456578823892336,-0.1179467474637312,0.0050000000000000044,0.2580638862855358
T1235o,ChaePred,tmscore_mmalign,0.8068720195649703,0.8744467810268887,0.0,0.9860199937519525
T1235o,VifChartreuseJaune,tmscore_mmalign,0.3933924123431649,0.47999968171029206,0.08599999999999997,0.7493658975617739
T1235o,PIEFold_human,tmscore_mmalign,0.5623583950299847,0.11991202013141883,0.09099999999999997,0.459192439862543
T1235o,zyh_mae_try1E,tmscore_mmalign,-0.14764107825276543,-0.043476322466337175,0.679,0.4700093720712277
T1235o,GuijunLab-Human,tmscore_mmalign,0.9210404945807567,0.014986776854967602,0.08799999999999997,0.2602507029053421
T1235o,GromihaLab,tmscore_mmalign,,,,
T1235o,MQA_base,tmscore_mmalign,0.6030533424375704,0.11030769831179195,0.0010000000000000009,0.3692400812246173
T1235o,ARC,tmscore_mmalign,,,,
T1235o,GuijunLab-Assembly,tmscore_mmalign,0.4671681182688865,0.3028135362222677,0.027000000000000024,0.6054553264604812
T1235o,GuijunLab-PAthreader,tmscore_mmalign,0.522940691246623,0.033522600256014064,0.07999999999999996,0.359106529209622
T1235o,MULTICOM_LLM,tmscore_mmalign,0.978950844079689,0.1333344530140427,0.08399999999999996,0.3187480474851609
T1235o,MULTICOM_AI,tmscore_mmalign,0.4260643538766382,0.30297845983709826,0.08099999999999996,0.5259879725085911
T1235o,APOLLO,tmscore_mmalign,,,,
T1235o,GuijunLab-QA,tmscore_mmalign,0.9220742691313175,0.04796760561606801,0.08799999999999997,0.26267182130584193
T1235o,MULTICOM_GATE,tmscore_mmalign,0.9772829794547581,0.022210865857795085,0.08799999999999997,0.3067596063730085
T1235o,ModFOLDdock2,tmscore_mmalign,0.9760056800621345,0.8938793649943398,0.02400000000000002,0.9880896594814121
T1235o,MQA,tmscore_mmalign,0.8385091352841287,-0.02172984647196809,0.09466666666666657,0.23275929397063416
T1235o,Pcons,tmscore_mmalign,0.9342471338953436,0.07963033606037584,0.08799999999999997,0.33517506337135616
T1235o,VifChartreuse,tmscore_mmalign,0.6088656240160274,0.3413554106688114,0.08599999999999997,0.5698126329569629
T1235o,AF_unmasked,tmscore_mmalign,0.5577938302804855,0.2570507523508538,0.025000000000000022,0.48502421118400496
T1235o,MULTICOM_human,tmscore_mmalign,0.8494360797494968,0.44475245572022,0.08399999999999996,0.5842314901593252
H1236,MIEnsembles-Server,tmscore_mmalign,0.9294147402931919,0.8425973812463072,0.12,0.8700201825201825
H1236,COAST,tmscore_mmalign,0.28226148366333487,0.4722265156899116,0.466,0.6655947819740923
H1236,MQA_server,tmscore_mmalign,0.586665096543583,0.43839720814363026,0.14200000000000002,0.6137679887679888
H1236,Guijunlab-Complex,tmscore_mmalign,0.5591703472312579,0.37694807643270506,0.128,0.562456124956125
H1236,ChaePred,tmscore_mmalign,0.23061949125530298,0.7077259810360366,0.118,0.8163390663390663
H1236,VifChartreuseJaune,tmscore_mmalign,0.053778845288639215,0.047041026465254564,0.12,0.5620019436345967
H1236,PIEFold_human,tmscore_mmalign,0.2593733599743533,0.3874484432719238,0.16500000000000004,0.6772771147771148
H1236,zyh_mae_try1E,tmscore_mmalign,0.27009885518544363,0.1311051727388216,0.19799999999999995,0.5162995787995789
H1236,GuijunLab-Human,tmscore_mmalign,0.8659429011687634,0.6464371722239958,0.119,0.6774745524745525
H1236,GromihaLab,tmscore_mmalign,,,,
H1236,MQA_base,tmscore_mmalign,0.586665096543583,0.43839720814363026,0.14200000000000002,0.6137679887679888
H1236,ARC,tmscore_mmalign,,,,
H1236,GuijunLab-Assembly,tmscore_mmalign,0.8659429011687634,0.6464371722239958,0.119,0.6774745524745525
H1236,GuijunLab-PAthreader,tmscore_mmalign,0.5295882404012549,0.48716260166041375,0.137,0.6591567216567217
H1236,MULTICOM_LLM,tmscore_mmalign,0.9202441278239943,0.8177704106514916,0.11399999999999999,0.841501404001404
H1236,MULTICOM_AI,tmscore_mmalign,0.44372583061678655,0.5392388046985009,0.118,0.705532643032643
H1236,APOLLO,tmscore_mmalign,,,,
H1236,GuijunLab-QA,tmscore_mmalign,0.8652217438345766,0.6374338428777113,0.12,0.6636539136539137
H1236,MULTICOM_GATE,tmscore_mmalign,0.9404011376650152,0.8296216173685125,0.11499999999999999,0.8672341172341173
H1236,ModFOLDdock2,tmscore_mmalign,0.8916696217870013,0.7596984809030808,0.12199999999999989,0.7937434187434187
H1236,MQA,tmscore_mmalign,0.8185831910865138,0.5168291152627756,0.20399999999999996,0.7326035451035451
H1236,VifChartreuse,tmscore_mmalign,0.1305238422129665,0.4444885171969691,0.12,0.7245383867832847
H1236,AF_unmasked,tmscore_mmalign,0.21816606147946765,0.3851108918345752,0.123,0.6367365742365743
H1236,MULTICOM_human,tmscore_mmalign,0.8698945420709736,0.732052592419505,0.118,0.7883248508248508
T1294v1o,MIEnsembles-Server,tmscore_mmalign,0.9875860670978714,0.7514844327672785,0.007000000000000006,0.760142118863049
T1294v1o,COAST,tmscore_mmalign,0.8710358601924746,0.26394531653535663,0.01100000000000001,0.46724806201550384
T1294v1o,Guijunlab-Complex,tmscore_mmalign,0.6945354752693449,0.11820797249103188,0.262,0.4722222222222222
T1294v1o,ChaePred,tmscore_mmalign,0.993376171272609,0.8397403867923225,0.0019000000000001238,0.9115956072351422
T1294v1o,VifChartreuseJaune,tmscore_mmalign,0.8219480993196298,0.3786602886914696,0.006199999999999983,0.640406976744186
T1294v1o,PIEFold_human,tmscore_mmalign,0.2139999127182502,-0.09922836103591987,0.03600000000000003,0.4564599483204134
T1294v1o,zyh_mae_try1E,tmscore_mmalign,0.08135879535405577,-0.02060126550615775,0.016999999999999904,0.5021317829457365
T1294v1o,GuijunLab-Human,tmscore_mmalign,0.9884717171652015,0.5433687806636709,0.009333333333333416,0.6833979328165375
T1294v1o,ARC,tmscore_mmalign,,,,
T1294v1o,GuijunLab-Assembly,tmscore_mmalign,0.9481650037559377,-0.0818658654087766,0.0030000000000000027,0.46094961240310073
T1294v1o,GuijunLab-PAthreader,tmscore_mmalign,0.5615055554463625,0.3932881482708332,0.010000000000000009,0.5704457364341086
T1294v1o,MULTICOM_LLM,tmscore_mmalign,0.9938663356236752,0.6534993009516803,0.0040000000000000036,0.7354974160206719
T1294v1o,MULTICOM_AI,tmscore_mmalign,0.15136230792920094,0.40442991791975674,0.007000000000000006,0.6244186046511627
T1294v1o,APOLLO,tmscore_mmalign,,,,
T1294v1o,GuijunLab-QA,tmscore_mmalign,0.9820704837953205,0.3047507438418266,0.01100000000000001,0.5117248062015505
T1294v1o,MULTICOM_GATE,tmscore_mmalign,0.9580246138100116,0.4984214947477948,0.0030000000000000027,0.6727713178294573
T1294v1o,ModFOLDdock2,tmscore_mmalign,0.9821127633098727,0.5503399753333184,0.0050000000000000044,0.734140826873385
T1294v1o,VifChartreuse,tmscore_mmalign,0.7236415423978875,0.6417557645325146,0.005309523809523764,0.7104651162790698
T1294v1o,AF_unmasked,tmscore_mmalign,0.7667862012657054,0.5970509042924259,0.010000000000000009,0.7982558139534883
T1294v1o,MULTICOM_human,tmscore_mmalign,0.4998097336986095,0.6133756891674296,0.0030000000000000027,0.704780361757106
T1249v1o,MIEnsembles-Server,tmscore_mmalign,-0.35332978009552496,-0.022649818550261085,0.616,0.43099010340389654
T1249v1o,COAST,tmscore_mmalign,0.6393270528856281,0.7667112497524973,0.07099999999999995,0.8258776017396706
T1249v1o,MQA_server,tmscore_mmalign,0.5524747796577483,0.32628741728332283,0.025000000000000022,0.5413171792482137
T1249v1o,Guijunlab-Complex,tmscore_mmalign,-0.02505138637230898,-0.08929311307186452,0.615,0.49793636000532554
T1249v1o,ChaePred,tmscore_mmalign,0.6377583330302993,0.6843449678825916,0.132,0.732237163271646
T1249v1o,VifChartreuseJaune,tmscore_mmalign,-0.4014595063100207,-0.4438787124848222,0.61,0.2810209068694
T1249v1o,PIEFold_human,tmscore_mmalign,0.4408700488502861,0.1636983420986034,0.025000000000000022,0.4660497936360005
T1249v1o,GuijunLab-Human,tmscore_mmalign,0.9431274988423153,0.854040532933111,0.03200000000000003,0.8295610881817778
T1249v1o,GromihaLab,tmscore_mmalign,,,,
T1249v1o,MQA_base,tmscore_mmalign,0.5524747796577483,0.32628741728332283,0.025000000000000022,0.5413171792482137
T1249v1o,ARC,tmscore_mmalign,,,,
T1249v1o,GuijunLab-Assembly,tmscore_mmalign,0.2054236060446138,0.009229596954078215,0.614,0.41080764377140794
T1249v1o,GuijunLab-PAthreader,tmscore_mmalign,0.4257172572273512,0.08064916945519374,0.033500000000000085,0.41847678522943255
T1249v1o,MULTICOM_LLM,tmscore_mmalign,0.9344944569198335,0.8340466834561683,0.08199999999999996,0.8077930146895664
T1249v1o,MULTICOM_AI,tmscore_mmalign,0.28010017070564486,0.1376354942161074,0.031000000000000028,0.48590955487507215
T1249v1o,APOLLO,tmscore_mmalign,,,,
T1249v1o,GuijunLab-QA,tmscore_mmalign,0.6451622090413995,0.43029799146382797,0.15100000000000002,0.5635068566103049
T1249v1o,MULTICOM_GATE,tmscore_mmalign,0.9444836479170822,0.8742492672674887,0.031000000000000028,0.8539919229574402
T1249v1o,ModFOLDdock2,tmscore_mmalign,0.8801745137267577,0.6310397315414416,0.11699999999999999,0.6272577996715927
T1249v1o,MQA,tmscore_mmalign,0.6565441077155447,0.5476302705432021,0.09999999999999998,0.6490036834864421
T1249v1o,Pcons,tmscore_mmalign,,,,
T1249v1o,VifChartreuse,tmscore_mmalign,-0.13755246597763582,0.11240251717569623,0.631,0.6170467915648474
T1249v1o,AF_unmasked,tmscore_mmalign,0.3942126966323355,0.2101263559974758,0.020000000000000018,0.4534412955465587
T1249v1o,MULTICOM_human,tmscore_mmalign,0.7526853727192813,0.6896946755509001,0.031000000000000028,0.726889451027382
H1202,MIEnsembles-Server,tmscore_mmalign,0.9772397974467621,0.6753678405226664,0.0050000000000000044,0.7991203703703704
H1202,COAST,tmscore_mmalign,0.7711958754042272,0.40030556460230826,0.02100000000000002,0.5552226383687058
H1202,MQA_server,tmscore_mmalign,0.7200788530231749,0.5157598995050238,0.01200000000000001,0.7031481481481481
H1202,Guijunlab-Complex,tmscore_mmalign,0.7513840251150041,0.4193661547343435,0.01200000000000001,0.6283179012345679
H1202,ChaePred,tmscore_mmalign,0.47971928640075484,0.08495901865104169,0.02400000000000002,0.49180555555555555
H1202,VifChartreuseJaune,tmscore_mmalign,0.6565056118794674,0.13586992985454888,0.006000000000000005,0.5864360587002097
H1202,PIEFold_human,tmscore_mmalign,0.4455625955885678,0.12382174653893425,0.248,0.5198456790123457
H1202,zyh_mae_try1E,tmscore_mmalign,-0.102701413053459,-0.08327525227696922,0.32299999999999995,0.47359567901234567
H1202,GuijunLab-Human,tmscore_mmalign,0.9370347175274203,0.4296720862124451,0.013000000000000012,0.6184104938271604
H1202,GromihaLab,tmscore_mmalign,,,,
H1202,MQA_base,tmscore_mmalign,0.7922355476881747,0.5160606837703688,0.01200000000000001,0.7007407407407408
H1202,ARC,tmscore_mmalign,,,,
H1202,GuijunLab-Assembly,tmscore_mmalign,0.4970196112924827,0.47266972406777547,0.006000000000000005,0.6861574074074074
H1202,GuijunLab-PAthreader,tmscore_mmalign,0.4970196112924827,0.47266972406777547,0.006000000000000005,0.6861574074074074
H1202,MULTICOM_LLM,tmscore_mmalign,0.23031395081997902,0.28034940160615035,0.013000000000000012,0.6460030864197531
H1202,MULTICOM_AI,tmscore_mmalign,0.5375741349938337,0.3217006299509292,0.013000000000000012,0.5870679012345679
H1202,APOLLO,tmscore_mmalign,,,,
H1202,milliseconds,tmscore_mmalign,0.9781063984251013,0.4489424738479577,0.01200000000000001,0.6356327160493827
H1202,GuijunLab-QA,tmscore_mmalign,0.9389487138443178,0.4352828459329904,0.013000000000000012,0.6203395061728395
H1202,MULTICOM_GATE,tmscore_mmalign,0.957828946907267,0.38182880032848066,0.02400000000000002,0.614537037037037
H1202,ModFOLDdock2,tmscore_mmalign,0.9305654743544526,0.48703790479680537,0.008000000000000007,0.6623611111111112
H1202,MQA,tmscore_mmalign,0.7241382773840331,0.29761561877582415,0.31999999999999995,0.5927777777777778
H1202,Pcons,tmscore_mmalign,0.93277418733805,0.4476808753333772,0.014000000000000012,0.645216049382716
H1202,VifChartreuse,tmscore_mmalign,0.7037744178846326,0.25393955612692515,0.030000000000000027,0.49264150943396223
H1202,AF_unmasked,tmscore_mmalign,0.8661166079885686,0.32078728730283235,0.018000000000000016,0.5933335489714064
