model,MIEnsembles-Server,COAST,MQA_server,Guijunlab-Complex,ChaePred,VifChartreuseJaune,PIEFold_human,GuijunLab-Human,GromihaLab,MQA_base,ARC,GuijunLab-Assembly,GuijunLab-PAthreader,MULTICOM_LLM,MULTICOM_AI,APOLLO,GuijunLab-QA,MULTICOM_GATE,ModFOLDdock2,MQA,Pcons,VifChartreuse,AF_unmasked,MULTICOM_human
T1237TS014_1o,0.99223,0.71,0.75,0.8066,0.937,0.989,0.70732,0.985,,0.75,,0.82,0.934,0.932,0.87956,,0.992,0.85985,0.9131,0.872,0.97111,0.937,0.9418,0.89377
T1237TS014_2o,0.99231,0.707,0.755,0.8058,0.938,0.987,0.71029,0.985,,0.755,,0.819,0.94,0.93011,0.87963,,0.992,0.86085,0.9134,0.872,0.972479,0.937,0.94247,0.89412
T1237TS014_3,,,,,,,,,0.9,,,,,,,,,,,,,,,
T1237TS014_3o,0.99795,0.721,0.758,0.7989,0.924,0.991,0.71002,0.968,,0.758,,0.82,0.926,0.92681,0.87845,,0.98,0.85979,0.8997,0.9,0.969552,0.523,0.94342,0.89354
T1237TS014_4o,0.99235,0.704,0.748,0.8061,0.937,0.989,0.70835,0.986,,0.748,,0.819,0.936,0.93027,0.87999,,0.99,0.86204,0.9144,0.871,0.972432,0.937,0.9407,0.89464
T1237TS014_5o,0.99255,0.7,0.763,0.8084,0.942,0.988,0.70484,0.99,,0.763,,0.814,0.94,0.93343,0.87866,,0.994,0.86101,0.9193,0.87,0.973434,0.937,0.94382,0.89337
T1237TS014_6o,0.99259,0.701,0.762,0.8086,0.941,0.989,0.70632,0.99,,0.762,,0.811,0.94,0.93357,0.87946,,0.993,0.86025,0.92,0.871,0.974318,0.937,0.94128,0.89354
T1237TS015_1o,0.99756,0.681,0.813,0.8089,0.929,0.954,0.73259,0.983,,0.813,,0.792,0.986,0.93233,0.8364,,0.985,0.86009,0.9165,0.89,0.972344,0.153,0.93322,0.85342
T1237TS015_2o,0.97549,0.702,0.778,0.7952,0.906,0.944,0.72641,0.968,,0.778,,0.795,0.97,0.91772,0.8203,,0.965,0.85394,0.9012,0.954,0.952187,0.809,0.16677,0.84047
T1237TS015_3o,0.98078,0.673,0.746,0.749,0.913,0.966,0.72995,0.975,,0.746,,0.809,0.967,0.92275,0.80445,,0.969,0.84356,0.8994,0.936,0.959909,0.754,0.16647,0.82668
T1237TS015_4o,0.97901,0.697,0.736,0.7825,0.905,0.963,0.72457,0.969,,0.736,,0.802,0.96,0.92092,0.82445,,0.966,0.85397,0.9018,0.956,0.959403,0.75,0.16878,0.84561
T1237TS015_5o,0.99034,0.722,0.814,0.8053,0.938,0.976,0.72212,0.0,,0.814,,0.798,0.986,0.93335,0.85879,,0.986,0.8469,0.9197,0.862,0.97219,0.881,0.16712,0.86756
T1237TS015_6o,0.96252,0.629,0.624,0.5394,0.922,0.728,0.70518,0.76,,0.624,,0.713,0.694,0.72354,0.7804,,0.763,0.68662,0.8015,0.818,0.750163,0.055,0.1877,0.72436
T1237TS022_1o,0.95294,0.622,0.864,0.7565,0.287,0.902,0.4795,0.94,,0.864,,0.96,0.941,0.90023,0.81732,,0.946,0.85779,0.8765,0.948,0.981024,0.329,0.93867,0.84979
T1237TS022_2o,0.95282,0.621,0.863,0.7455,0.287,0.9,0.47905,0.937,,0.863,,0.96,0.941,0.899,0.81738,,0.944,0.85692,0.8718,0.948,0.980504,0.329,0.93873,0.84936
T1237TS022_3o,0.9526,0.667,0.853,0.7625,0.288,0.893,0.48125,0.938,,0.853,,0.953,0.934,0.8998,0.8144,,0.944,0.85755,0.8727,0.951,0.982632,0.329,0.94127,0.84951
T1237TS022_4o,0.93903,0.701,0.867,0.7741,0.286,0.901,0.47827,0.901,,0.867,,0.977,0.958,0.89784,0.81717,,0.89,0.85599,0.8218,0.958,0.978725,0.651,0.9415,0.84245
T1237TS022_5o,0.97544,0.653,0.78,0.8162,0.934,0.905,0.71712,0.943,,0.78,,0.803,0.977,0.9303,0.8197,,0.934,0.85779,0.859,0.884,0.969878,0.365,0.91326,0.83911
T1237TS023_1o,0.98416,0.681,0.792,0.7753,0.932,0.952,0.7272,0.971,,0.792,,0.797,0.978,0.9319,0.83721,,0.968,0.86059,0.9013,0.914,0.96959,0.084,0.93713,0.85386
T1237TS023_2o,1.0,0.706,0.803,0.8096,0.925,0.976,0.72039,0.984,,0.803,,0.793,0.993,0.92949,0.85797,,0.989,0.86179,0.9221,0.894,0.972682,0.439,0.94052,0.86818
T1237TS023_3o,0.96593,0.683,0.735,0.7995,0.938,0.974,0.71265,0.919,,0.735,,0.808,0.945,0.92236,0.83116,,0.909,0.85893,0.8227,0.885,0.965874,0.887,0.93765,0.84527
T1237TS023_4o,0.97028,0.749,0.703,0.7214,0.935,0.937,0.69271,0.929,,0.703,,0.705,0.868,0.92791,0.84123,,0.917,0.85802,0.835,0.876,0.969951,0.848,0.92088,0.84897
T1237TS023_5o,0.95294,0.622,0.864,0.7565,0.287,0.902,0.47672,0.94,,0.864,,0.96,0.941,0.90023,0.81732,,0.946,0.85786,0.8765,0.948,0.981024,0.329,0.94034,0.84981
T1237TS028_1o,0.96593,0.683,0.735,0.7995,0.938,0.974,0.71265,0.919,,0.735,,0.808,0.945,0.92519,0.83116,,0.909,0.8594,0.8227,0.885,0.965874,0.887,0.93492,0.84542
T1237TS028_2o,0.99951,0.696,0.793,0.804,0.929,0.978,0.72344,0.984,,0.793,,0.801,0.991,0.93325,0.85804,,0.989,0.86145,0.9242,0.896,0.973761,0.438,0.9407,0.8676
T1237TS028_3o,0.99856,0.726,0.815,0.8038,0.924,0.974,0.71889,0.974,,0.815,,0.792,0.984,0.93052,0.86389,,0.984,0.8599,0.9103,0.896,0.97109,0.439,0.94014,0.87391
T1237TS028_4o,0.99731,0.71,0.815,0.8005,0.929,0.942,0.72624,0.983,,0.815,,0.794,0.979,0.93292,0.85521,,0.986,0.85934,0.9195,0.897,0.971796,0.296,0.94197,0.86611
T1237TS028_5o,1.0,0.706,0.803,0.8096,0.925,0.976,0.72039,0.984,,0.803,,0.793,0.993,0.93233,0.85797,,0.989,0.86135,0.9221,0.894,0.972682,0.439,0.94022,0.86803
T1237TS031_1o,0.9987,0.651,0.833,0.7907,0.921,0.969,0.73262,0.985,,0.833,,0.82,0.971,0.92991,0.85039,,0.989,0.86187,0.9247,0.901,0.972601,0.438,0.93598,0.86698
T1237TS031_2o,0.99405,0.633,0.792,0.7697,0.932,0.983,0.71892,0.961,,0.792,,0.812,0.939,0.93215,0.84022,,0.965,0.86131,0.8935,0.9,0.970541,0.438,0.16708,0.86226
T1237TS031_3o,0.99883,0.646,0.832,0.7957,0.922,0.962,0.73068,0.985,,0.832,,0.824,0.969,0.93276,0.85013,,0.989,0.86324,0.9245,0.902,0.972639,0.438,0.16763,0.8667
T1237TS031_4o,0.99729,0.633,0.801,0.7759,0.925,0.969,0.7328,0.986,,0.801,,0.825,0.957,0.93133,0.83974,,0.986,0.86123,0.9221,0.908,0.971102,0.439,0.1672,0.86061
T1237TS031_5o,0.99779,0.642,0.803,0.7688,0.926,0.965,0.73534,0.985,,0.803,,0.831,0.954,0.93117,0.83829,,0.984,0.86014,0.9186,0.903,0.971169,0.439,0.16834,0.85862
T1237TS040_1o,0.99587,0.807,0.658,0.7638,0.928,0.985,0.67564,0.976,,0.658,,0.69,0.778,0.9303,0.55597,,0.975,0.85678,0.9018,0.857,0.972159,0.852,0.93626,0.70725
T1237TS051_1o,0.97677,0.661,0.832,0.8203,0.94,0.902,0.72137,0.938,,0.832,,0.791,0.983,0.93094,0.83824,,0.933,0.85605,0.8494,0.875,0.969054,0.086,0.9377,0.84959
T1237TS051_2o,0.989,0.666,0.734,0.7912,0.928,0.983,0.72135,0.98,,0.734,,0.801,0.967,0.92767,0.83312,,0.98,0.86105,0.912,0.897,0.969872,0.855,0.16794,0.85199
T1237TS051_3o,0.98675,0.691,0.735,0.7715,0.927,0.952,0.72112,0.98,,0.735,,0.812,0.973,0.9307,0.83096,,0.977,0.85917,0.9104,0.904,0.971124,0.563,0.16569,0.84983
T1237TS051_4o,0.99886,0.706,0.82,0.8018,0.93,0.98,0.71855,0.986,,0.82,,0.791,0.982,0.933,0.86331,,0.989,0.86312,0.9244,0.896,0.972865,0.438,0.1666,0.87479
T1237TS051_5o,0.99872,0.7,0.819,0.8016,0.932,0.979,0.72016,0.986,,0.819,,0.793,0.977,0.93325,0.86142,,0.988,0.86244,0.9232,0.895,0.97273,0.51,0.16966,0.87394
T1237TS051_6o,0.99761,0.697,0.79,0.8072,0.929,0.976,0.73086,0.978,,0.79,,0.793,0.982,0.93157,0.84872,,0.987,0.86055,0.9166,0.889,0.97073,0.432,0.93818,0.86289
T1237TS052_1o,0.95307,0.614,0.866,0.7781,0.287,0.888,0.47428,0.94,,0.866,,0.963,0.944,0.90015,0.81887,,0.947,0.85727,0.8775,0.946,0.981595,0.329,0.94037,0.85075
T1237TS052_2o,0.94991,0.678,0.845,0.758,0.288,0.902,0.46984,0.925,,0.845,,0.953,0.934,0.89671,0.81412,,0.929,0.85552,0.8476,0.95,0.976167,0.329,0.94307,0.84921
T1237TS052_3o,0.95388,0.674,0.855,0.7787,0.288,0.92,0.47273,0.949,,0.855,,0.945,0.926,0.90161,0.81926,,0.951,0.85659,0.8886,0.953,0.981363,0.329,0.93994,0.85128
T1237TS052_4o,0.94026,0.681,0.873,0.783,0.286,0.893,0.47664,0.901,,0.873,,0.977,0.958,0.89818,0.81713,,0.894,0.85636,0.8226,0.96,0.980228,0.651,0.93859,0.84132
T1237TS052_5o,0.9752,0.663,0.824,0.8304,0.945,0.962,0.72187,0.944,,0.824,,0.792,0.982,0.92788,0.83764,,0.934,0.85781,0.8567,0.875,0.971176,0.874,0.93199,0.84526
T1237TS059_1o,0.9959,0.71,0.866,0.8003,0.927,0.983,0.73196,0.984,,0.866,,0.826,0.987,0.93323,0.85598,,0.985,0.86208,0.918,0.885,0.970149,0.693,0.92776,0.87135
T1237TS059_2o,0.99614,0.725,0.868,0.7949,0.925,0.978,0.72699,0.984,,0.868,,0.828,0.984,0.92986,0.8565,,0.984,0.86303,0.92,0.89,0.969622,0.693,0.93356,0.87184
T1237TS059_3o,0.97194,0.763,0.834,0.8107,0.897,0.959,0.73239,0.964,,0.834,,0.822,0.971,0.91357,0.83769,,0.965,0.85355,0.898,0.951,0.948957,0.788,0.92084,0.8546
T1237TS059_4o,0.97244,0.754,0.831,0.8092,0.898,0.962,0.72786,0.964,,0.831,,0.823,0.967,0.91405,0.83722,,0.965,0.85279,0.8985,0.953,0.949212,0.788,0.9148,0.85419
T1237TS059_5o,0.98223,0.7,0.825,0.7565,0.93,0.976,0.69373,0.962,,0.825,,0.732,0.907,0.92747,0.85356,,0.959,0.85878,0.8863,0.909,0.969894,0.806,0.93258,0.86049
T1237TS059_6o,0.98223,0.7,0.825,0.7565,0.93,0.976,0.69373,0.962,,0.825,,0.732,0.907,0.93033,0.85356,,0.959,0.85894,0.8863,0.909,0.969894,0.806,0.93038,0.86055
T1237TS075_1o,0.98043,0.682,0.762,0.807,0.933,0.94,0.72694,0.966,,0.762,,0.802,0.972,0.93144,0.81395,,0.955,0.85955,0.8869,0.908,0.969481,0.083,0.91393,0.83176
T1237TS075_2o,0.97818,0.647,0.805,0.8091,0.946,0.906,0.72143,0.95,,0.805,,0.805,0.972,0.93206,0.82692,,0.941,0.85981,0.8673,0.871,0.972232,0.294,0.93519,0.83649
T1237TS075_3o,0.9777,0.666,0.818,0.8316,0.945,0.946,0.71615,0.947,,0.818,,0.804,0.972,0.92813,0.82828,,0.941,0.85923,0.8636,0.868,0.969176,0.505,0.93474,0.83627
T1237TS075_4o,0.9769,0.643,0.799,0.8343,0.947,0.969,0.71689,0.944,,0.799,,0.799,0.981,0.931,0.82559,,0.939,0.86095,0.8619,0.879,0.971174,0.579,0.93239,0.83497
T1237TS075_5o,0.97929,0.64,0.811,0.8144,0.948,0.938,0.72524,0.954,,0.811,,0.801,0.98,0.93256,0.8303,,0.946,0.85783,0.8738,0.878,0.972747,0.719,0.93604,0.83549
T1237TS079_1o,0.99908,0.699,0.802,0.8071,0.93,0.982,0.72982,0.986,,0.802,,0.788,0.991,0.93342,0.85778,,0.989,0.86253,0.9269,0.904,0.973567,0.438,0.94037,0.86722
T1237TS079_2o,0.99874,0.73,0.827,0.809,0.927,0.974,0.7181,0.983,,0.827,,0.793,0.984,0.93167,0.86225,,0.988,0.86224,0.9198,0.894,0.970895,0.438,0.93893,0.87203
T1237TS079_3o,0.99886,0.638,0.846,0.7969,0.924,0.969,0.73309,0.984,,0.846,,0.826,0.974,0.93236,0.85166,,0.989,0.86346,0.9231,0.897,0.971102,0.438,0.9392,0.86891
T1237TS079_4o,0.99856,0.641,0.81,0.7786,0.929,0.971,0.73659,0.987,,0.81,,0.824,0.956,0.93348,0.84492,,0.987,0.86345,0.9259,0.902,0.97267,0.439,0.93981,0.86194
T1237TS079_5o,0.99843,0.718,0.818,0.7996,0.929,0.979,0.72737,0.984,,0.818,,0.789,0.993,0.93352,0.85982,,0.986,0.86281,0.9247,0.897,0.973359,0.438,0.93836,0.87011
T1237TS085_1o,0.97894,0.701,0.764,0.7855,0.944,0.988,0.71369,0.947,,0.764,,0.804,0.967,0.93169,0.86166,,0.946,0.86398,0.8652,0.876,0.973139,0.882,0.92862,0.88657
T1237TS085_2o,0.97944,0.692,0.765,0.7831,0.946,0.987,0.7108,0.949,,0.765,,0.804,0.969,0.93172,0.86547,,0.947,0.86365,0.8679,0.873,0.972249,0.882,0.93524,0.88953
T1237TS085_3o,0.98061,0.717,0.769,0.803,0.945,0.985,0.71706,0.953,,0.769,,0.799,0.972,0.93235,0.86555,,0.95,0.86414,0.8725,0.872,0.973562,0.882,0.93712,0.88793
T1237TS085_4o,0.98174,0.695,0.766,0.8002,0.945,0.984,0.71047,0.954,,0.766,,0.802,0.971,0.93005,0.86614,,0.954,0.8631,0.8766,0.875,0.974464,0.882,0.93484,0.88843
T1237TS085_5o,0.97961,0.697,0.762,0.8051,0.943,0.975,0.71145,0.952,,0.762,,0.804,0.963,0.93234,0.85925,,0.947,0.86376,0.8706,0.877,0.973447,0.882,0.93684,0.88423
T1237TS091_1o,0.97366,0.75,0.719,0.7954,0.937,0.977,0.6865,0.929,,0.719,,0.775,0.88,0.9264,0.43491,,0.923,0.85386,0.8411,0.88,0.979565,0.157,0.93495,0.66901
T1237TS091_2o,0.97688,0.72,0.711,0.7936,0.942,0.966,0.69628,0.943,,0.711,,0.767,0.874,0.93069,0.44533,,0.938,0.85475,0.8585,0.879,0.972248,0.288,0.16726,0.67294
T1237TS091_3o,0.97302,0.743,0.728,0.7968,0.941,0.986,0.68557,0.938,,0.728,,0.76,0.874,0.92958,0.43598,,0.924,0.85458,0.8426,0.876,0.972124,0.875,0.16758,0.66961
T1237TS091_4o,0.9774,0.683,0.718,0.7908,0.941,0.986,0.70676,0.944,,0.718,,0.744,0.862,0.9308,0.43386,,0.94,0.85492,0.8596,0.873,0.971473,0.672,0.16797,0.66902
T1237TS091_5o,0.96073,0.705,0.692,0.7665,0.933,0.986,0.68199,0.901,,0.692,,0.755,0.876,0.92151,0.4294,,0.896,0.84895,0.7986,0.876,0.964696,0.88,0.16733,0.6657
T1237TS110_1o,0.99951,0.696,0.793,0.804,0.929,0.978,0.72344,0.984,,0.793,,0.801,0.991,0.93325,0.85804,,0.989,0.86184,0.9242,0.896,0.973761,0.438,0.94118,0.86773
T1237TS110_2o,1.0,0.706,0.803,0.8096,0.925,0.976,0.72039,0.984,,0.803,,0.793,0.993,0.93233,0.85797,,0.989,0.86174,0.9221,0.894,0.972682,0.439,0.93881,0.86816
T1237TS110_3o,0.99856,0.726,0.815,0.8038,0.924,0.974,0.71889,0.974,,0.815,,0.792,0.984,0.93052,0.86389,,0.984,0.86112,0.9103,0.896,0.97109,0.439,0.93929,0.87432
T1237TS110_4o,0.96593,0.683,0.735,0.7995,0.938,0.974,0.71265,0.919,,0.735,,0.808,0.945,0.92235,0.83116,,0.909,0.85952,0.8227,0.885,0.965874,0.887,0.93823,0.84546
T1237TS110_5o,0.99921,0.701,0.811,0.8051,0.928,0.976,0.71923,0.985,,0.811,,0.787,0.989,0.93274,0.86313,,0.99,0.86245,0.9224,0.898,0.972293,0.438,0.93879,0.875
T1237TS117_1o,0.95633,0.603,0.551,0.6796,0.888,0.964,0.63917,0.893,,0.551,,0.669,0.675,0.89923,0.45102,,0.888,0.83855,0.7784,0.89,0.931809,0.681,0.79738,0.67058
T1237TS117_2o,0.48787,0.515,0.505,0.6046,0.662,0.976,0.60936,0.369,,0.505,,0.629,0.599,0.45262,0.46129,,0.367,0.41075,0.2436,0.792,0.351561,0.529,0.16732,0.53124
T1237TS117_3o,0.97801,0.665,0.565,0.6707,0.926,0.99,0.64537,0.937,,0.565,,0.677,0.683,0.92389,0.46595,,0.933,0.84999,0.8375,0.862,0.96457,0.808,0.16697,0.67921
T1237TS117_4o,0.5379,0.524,0.535,0.6238,0.677,0.985,0.63192,0.416,,0.535,,0.641,0.623,0.49763,0.46023,,0.413,0.52547,0.2824,0.809,0.411869,0.591,0.16718,0.56929
T1237TS117_5o,0.8182,0.583,0.552,0.6502,0.852,0.985,0.64509,0.677,,0.552,,0.67,0.657,0.7789,0.46311,,0.682,0.7637,0.5293,0.866,0.824535,0.686,0.16648,0.6495
T1237TS122_1o,0.97929,0.64,0.811,0.8144,0.948,0.938,0.72524,0.954,,0.811,,0.801,0.98,0.93256,0.8303,,0.946,0.86092,0.8738,0.878,0.972747,0.719,0.93554,0.83653
T1237TS122_2o,0.9769,0.643,0.799,0.8343,0.947,0.969,0.71689,0.944,,0.799,,0.799,0.981,0.931,0.82559,,0.939,0.86107,0.8619,0.879,0.971174,0.579,0.93088,0.83501
T1237TS122_3o,0.97818,0.647,0.805,0.8091,0.946,0.906,0.72143,0.95,,0.805,,0.805,0.972,0.93206,0.82692,,0.941,0.86161,0.8673,0.871,0.972232,0.294,0.93484,0.8371
T1237TS122_4o,0.9777,0.666,0.818,0.8316,0.945,0.946,0.71615,0.947,,0.818,,0.804,0.972,0.93104,0.82828,,0.941,0.86163,0.8636,0.868,0.969176,0.505,0.93433,0.83707
T1237TS122_5o,0.98043,0.682,0.762,0.807,0.933,0.94,0.72694,0.966,,0.762,,0.802,0.972,0.93144,0.81395,,0.955,0.86059,0.8869,0.908,0.969481,0.083,0.9233,0.83211
T1237TS139_1o,0.97907,0.608,0.66,0.7316,0.914,0.955,0.68263,0.905,,0.66,,0.736,0.836,0.92228,0.85081,,0.908,0.85824,0.8106,0.887,0.958348,0.076,0.87108,0.86672
T1237TS139_2o,0.97341,0.602,0.64,0.7395,0.911,0.966,0.67474,0.923,,0.64,,0.72,0.823,0.91697,0.8482,,0.925,0.8555,0.8263,0.877,0.957561,0.747,0.90829,0.85664
T1237TS139_3o,0.95225,0.655,0.654,0.753,0.887,0.937,0.6974,0.881,,0.654,,0.722,0.817,0.9002,0.84133,,0.883,0.84547,0.7792,0.947,0.938078,0.734,0.91535,0.85133
T1237TS139_4o,0.98404,0.607,0.655,0.7402,0.919,0.949,0.69319,0.921,,0.655,,0.728,0.833,0.92449,0.85266,,0.927,0.85794,0.8331,0.892,0.963915,0.076,0.90594,0.86789
T1237TS139_5o,0.97808,0.639,0.641,0.7519,0.913,0.959,0.67613,0.937,,0.641,,0.711,0.818,0.91914,0.84926,,0.936,0.85528,0.8396,0.878,0.959233,0.756,0.91368,0.85708
T1237TS139_6o,0.98235,0.712,0.767,0.7469,0.93,0.979,0.6838,0.963,,0.767,,0.775,0.904,0.92749,0.85549,,0.96,0.85951,0.8873,0.909,0.970424,0.806,0.93323,0.86138
T1237TS145_1o,0.98416,0.681,0.792,0.7753,0.932,0.952,0.7272,0.971,,0.792,,0.797,0.978,0.9319,0.83721,,0.968,0.85999,0.9013,0.914,0.96959,0.084,0.93807,0.85366
T1237TS145_2o,0.99127,0.693,0.73,0.781,0.922,0.918,0.72316,0.974,,0.73,,0.801,0.96,0.93194,0.8253,,0.974,0.85803,0.9098,0.92,0.970175,0.085,0.16756,0.84496
T1237TS145_3o,0.99324,0.693,0.731,0.7883,0.92,0.909,0.71644,0.981,,0.731,,0.799,0.952,0.93235,0.82958,,0.982,0.85858,0.9164,0.919,0.971767,0.085,0.16678,0.85048
T1237TS145_4o,0.98713,0.71,0.785,0.7686,0.933,0.966,0.71648,0.984,,0.785,,0.788,0.978,0.93143,0.84567,,0.981,0.8617,0.914,0.914,0.969877,0.084,0.16649,0.86063
T1237TS145_5o,0.98321,0.704,0.721,0.7755,0.914,0.909,0.72072,0.974,,0.721,,0.804,0.954,0.92709,0.82158,,0.968,0.85723,0.9017,0.927,0.96571,0.344,0.16739,0.84329
T1237TS147_1o,1.0,0.706,0.803,0.8096,0.925,0.976,0.72039,0.984,,0.803,,0.793,0.993,0.93233,0.85797,,0.989,0.86177,0.9221,0.894,0.972682,0.439,0.94223,0.86817
T1237TS147_2o,0.99951,0.696,0.793,0.804,0.929,0.978,0.72344,0.984,,0.793,,0.801,0.991,0.93325,0.85804,,0.989,0.86194,0.9242,0.896,0.973761,0.438,0.94328,0.86776
T1237TS147_3o,0.99731,0.71,0.815,0.8005,0.929,0.942,0.72624,0.983,,0.815,,0.794,0.979,0.93292,0.85521,,0.986,0.86279,0.9195,0.897,0.971796,0.296,0.94269,0.86727
T1237TS147_4o,0.99166,0.705,0.813,0.8291,0.934,0.987,0.71781,0.991,,0.813,,0.789,0.992,0.93351,0.85855,,0.989,0.86122,0.9208,0.882,0.971192,0.94,0.93324,0.87013
T1237TS147_5o,0.9988,0.726,0.753,0.7974,0.929,0.965,0.70423,0.984,,0.753,,0.809,0.916,0.93273,0.86176,,0.989,0.86191,0.9225,0.887,0.972967,0.439,0.93646,0.87192
T1237TS148_1o,0.99924,0.727,0.823,0.7984,0.93,0.983,0.72355,0.986,,0.823,,0.788,0.99,0.93287,0.85997,,0.99,0.86061,0.9253,0.895,0.973652,0.439,0.93956,0.87138
T1237TS148_2,,,,,,,,,0.9,,,,,,,,,,,,,,,
T1237TS148_2o,0.99786,0.741,0.663,0.7647,0.931,0.973,0.6886,0.984,,0.663,,0.75,0.871,0.93335,0.87807,,0.986,0.86354,0.923,0.894,0.971523,0.438,0.93131,0.89678
T1237TS148_3o,0.95388,0.674,0.855,0.7787,0.288,0.92,0.47248,0.949,,0.855,,0.945,0.926,0.90161,0.81926,,0.951,0.85693,0.8886,0.953,0.981363,0.329,0.94016,0.85139
T1237TS148_4o,0.94991,0.678,0.845,0.758,0.288,0.902,0.47051,0.925,,0.845,,0.953,0.934,0.89671,0.81412,,0.929,0.85662,0.8476,0.95,0.976167,0.329,0.9408,0.84958
T1237TS148_5o,0.95188,0.667,0.856,0.7632,0.289,0.911,0.47348,0.935,,0.856,,0.955,0.936,0.89885,0.8161,,0.941,0.85682,0.8676,0.949,0.978779,0.329,0.94153,0.84999
T1237TS163_1o,0.95066,0.639,0.758,0.7744,0.886,0.63,0.71641,0.9,,0.758,,0.806,0.941,0.89658,0.84888,,0.895,0.83488,0.7991,0.954,0.931931,0.054,0.93279,0.87066
T1237TS163_2o,0.95889,0.632,0.777,0.778,0.89,0.65,0.7135,0.92,,0.777,,0.808,0.947,0.90744,0.8452,,0.917,0.83957,0.837,0.962,0.942316,0.06,0.92684,0.86807
T1237TS163_3o,0.95359,0.628,0.768,0.7669,0.89,0.728,0.71551,0.896,,0.768,,0.811,0.941,0.90498,0.84653,,0.898,0.84178,0.8083,0.966,0.939462,0.06,0.93092,0.87104
T1237TS163_4o,0.95487,0.617,0.764,0.7758,0.887,0.616,0.71795,0.911,,0.764,,0.809,0.944,0.90119,0.84862,,0.906,0.83689,0.8166,0.95,0.935992,0.054,0.93138,0.86897
T1237TS163_5o,0.95509,0.648,0.747,0.7759,0.889,0.658,0.71402,0.901,,0.747,,0.81,0.943,0.9044,0.84608,,0.901,0.83948,0.8136,0.955,0.938358,0.06,0.92609,0.868
T1237TS164_1o,0.98634,0.694,0.705,0.7794,0.913,0.931,0.71494,0.975,,0.705,,0.803,0.933,0.9284,0.84708,,0.972,0.86128,0.9069,0.941,0.96895,0.344,0.93306,0.87837
T1237TS164_2o,0.98477,0.722,0.721,0.7798,0.911,0.938,0.72184,0.972,,0.721,,0.803,0.94,0.92734,0.84509,,0.968,0.86083,0.9035,0.949,0.966288,0.344,0.93272,0.87674
T1237TS164_3o,0.98632,0.709,0.703,0.7765,0.914,0.931,0.7126,0.974,,0.703,,0.806,0.937,0.92816,0.84782,,0.972,0.86093,0.9072,0.939,0.968265,0.344,0.93349,0.87866
T1237TS164_4o,0.98509,0.693,0.715,0.7679,0.915,0.92,0.7187,0.972,,0.715,,0.803,0.937,0.92814,0.84497,,0.966,0.86114,0.8994,0.931,0.967498,0.344,0.93421,0.87648
T1237TS164_5o,0.98833,0.683,0.719,0.7602,0.914,0.907,0.71629,0.976,,0.719,,0.805,0.94,0.92871,0.8462,,0.974,0.86108,0.9083,0.929,0.967525,0.344,0.93715,0.87638
T1237TS167_1o,0.23975,0.33,0.546,0.5419,0.642,,0.59463,0.183,,0.546,,0.672,0.683,0.23949,0.48315,,0.183,0.22491,0.1202,0.584,0.181198,,0.56718,0.47788
T1237TS167_2o,0.28664,0.29,0.467,0.4221,0.64,,0.63388,0.215,,0.467,,0.633,0.67,0.30649,0.42349,,0.213,0.23756,0.1524,0.629,0.278053,,0.72811,0.46124
T1237TS167_3o,0.24836,0.261,0.446,0.5052,0.596,,0.57885,0.16,,0.446,,0.654,0.551,0.22215,0.46428,,0.16,0.22514,0.1118,0.485,0.214824,,0.45826,0.47037
T1237TS167_4o,0.23993,0.316,0.552,0.556,0.646,,0.60603,0.183,,0.552,,0.673,0.691,0.24025,0.48015,,0.183,0.22492,0.1204,0.586,0.181567,,0.65899,0.47689
T1237TS167_5o,0.29346,0.342,0.453,0.6103,0.625,0.452,0.61397,0.221,,0.453,,0.654,0.608,0.27775,0.46723,,0.22,0.33661,0.1382,0.871,0.255745,0.008,0.43338,0.50916
T1237TS171_1o,0.98713,0.71,0.785,0.7686,0.933,0.966,0.71648,0.984,,0.785,,0.788,0.978,0.93143,0.84567,,0.981,0.86068,0.914,0.914,0.969877,0.084,0.93849,0.86029
T1237TS171_2o,0.98416,0.681,0.792,0.7753,0.932,0.952,0.7272,0.971,,0.792,,0.797,0.978,0.9319,0.83721,,0.968,0.86039,0.9013,0.914,0.96959,0.084,0.93712,0.85379
T1237TS171_3o,0.99127,0.693,0.73,0.781,0.922,0.918,0.72316,0.974,,0.73,,0.801,0.96,0.93194,0.8253,,0.974,0.86154,0.9098,0.92,0.970175,0.085,0.93079,0.84613
T1237TS171_4o,0.98321,0.704,0.721,0.7755,0.914,0.909,0.72072,0.974,,0.721,,0.804,0.954,0.92709,0.82158,,0.968,0.85912,0.9017,0.927,0.96571,0.344,0.92603,0.84392
T1237TS171_5o,0.99324,0.693,0.731,0.7883,0.92,0.909,0.71644,0.981,,0.731,,0.799,0.952,0.93235,0.82958,,0.982,0.86242,0.9164,0.919,0.971767,0.085,0.93445,0.85176
T1237TS187_1,,,,,,,,,0.9,,,,,,,,,,,,,,,
T1237TS187_1o,0.98386,0.693,0.662,0.7406,0.934,0.95,0.69405,0.969,,0.662,,0.741,0.873,0.93188,0.87189,,0.967,0.85866,0.8988,0.911,0.969572,0.084,0.94056,0.89277
T1237TS191_1o,0.99782,0.648,0.802,0.7702,0.925,0.902,0.73649,0.985,,0.802,,0.819,0.956,0.93413,0.83463,,0.989,0.86182,0.9247,0.9,0.971852,0.438,0.93448,0.85861
T1237TS196_1o,0.99721,0.721,0.812,0.8034,0.931,0.981,0.72454,0.986,,0.812,,0.794,0.984,0.93425,0.85478,,0.99,0.86311,0.9251,0.894,0.974681,0.438,0.93807,0.86755
T1237TS196_2o,0.99777,0.732,0.79,0.7932,0.935,0.982,0.72244,0.986,,0.79,,0.792,0.974,0.93392,0.8531,,0.989,0.862,0.9235,0.897,0.974601,0.438,0.93801,0.8676
T1237TS196_3o,0.9897,0.725,0.807,0.8184,0.937,0.9,0.71965,0.988,,0.807,,0.797,0.972,0.9345,0.85155,,0.989,0.86022,0.9182,0.884,0.974439,0.087,0.94077,0.86177
T1237TS196_4o,0.99034,0.707,0.767,0.7819,0.934,0.909,0.72234,0.982,,0.767,,0.797,0.97,0.93545,0.83866,,0.984,0.85981,0.9178,0.896,0.974966,0.156,0.93928,0.85261
T1237TS196_5o,0.98729,0.767,0.79,0.7728,0.93,0.972,0.7163,0.984,,0.79,,0.799,0.973,0.93206,0.84635,,0.978,0.85855,0.9135,0.925,0.972257,0.793,0.93243,0.85915
T1237TS198_1o,0.99663,0.71,0.793,0.7988,0.928,0.983,0.72378,0.985,,0.793,,0.794,0.975,0.9318,0.85277,,0.986,0.85933,0.9211,0.904,0.971408,0.723,0.9297,0.86611
T1237TS198_2o,0.98604,0.744,0.793,0.7777,0.93,0.952,0.71548,0.978,,0.793,,0.793,0.979,0.93131,0.85128,,0.98,0.8574,0.9106,0.913,0.968948,0.084,0.16753,0.86335
T1237TS198_3o,0.98994,0.663,0.775,0.804,0.935,0.957,0.72173,0.986,,0.775,,0.793,0.979,0.93502,0.84643,,0.988,0.85954,0.9199,0.879,0.973664,0.743,0.16639,0.85772
T1237TS198_4o,0.99737,0.693,0.798,0.7877,0.931,0.98,0.71981,0.982,,0.798,,0.792,0.986,0.93352,0.85168,,0.986,0.86138,0.9199,0.905,0.973373,0.724,0.16697,0.86724
T1237TS198_5o,0.98496,0.695,0.794,0.7731,0.93,0.94,0.72995,0.971,,0.794,,0.796,0.974,0.93221,0.83779,,0.972,0.85904,0.9039,0.917,0.97161,0.084,0.16918,0.85435
T1237TS204_1o,0.97343,0.683,0.714,0.7877,0.94,0.945,0.70129,0.937,,0.714,,0.796,0.907,0.9301,0.42526,,0.927,0.8508,0.8481,0.881,0.971906,0.086,0.93596,0.66477
T1237TS204_2o,0.63484,0.546,0.614,0.7266,0.717,0.679,0.6575,0.509,,0.614,,0.662,0.68,0.60218,0.4041,,0.51,0.59867,0.3754,0.902,0.59823,0.072,0.16695,0.57319
T1237TS204_3o,0.98277,0.654,0.692,0.8021,0.948,0.949,0.7047,0.973,,0.692,,0.809,0.917,0.93389,0.41588,,0.961,0.85258,0.893,0.871,0.974517,0.883,0.16837,0.66224
T1237TS204_4o,0.97021,0.657,0.697,0.8112,0.937,0.979,0.70981,0.928,,0.697,,0.81,0.91,0.92622,0.4155,,0.921,0.85229,0.8378,0.87,0.966985,0.881,0.16949,0.66185
T1237TS204_5o,0.97431,0.7,0.698,0.8075,0.945,0.967,0.70537,0.932,,0.698,,0.791,0.898,0.92772,0.42619,,0.93,0.85191,0.8413,0.849,0.968977,0.85,0.16747,0.66546
T1237TS208_1o,0.97541,0.701,0.781,0.8173,0.942,0.98,0.72355,0.944,,0.781,,0.803,0.986,0.93025,0.83182,,0.929,0.86265,0.851,0.861,0.968869,0.864,0.94004,0.84705
T1237TS208_2o,0.97054,0.721,0.816,0.8389,0.939,0.934,0.72099,0.926,,0.816,,0.794,0.994,0.92718,0.83648,,0.919,0.85744,0.8317,0.87,0.966793,0.645,0.93566,0.84703
T1237TS208_3o,0.97457,0.729,0.834,0.82,0.941,0.948,0.71895,0.938,,0.834,,0.791,0.993,0.92989,0.83736,,0.926,0.85873,0.8471,0.887,0.968894,0.575,0.93854,0.84661
T1237TS208_4o,0.97085,0.715,0.823,0.8392,0.937,0.939,0.72166,0.93,,0.823,,0.79,0.998,0.92745,0.83949,,0.921,0.86025,0.8363,0.87,0.966835,0.645,0.93981,0.84946
T1237TS208_5o,0.97005,0.726,0.826,0.8358,0.938,0.96,0.71926,0.929,,0.826,,0.791,0.997,0.92728,0.84249,,0.916,0.86047,0.8318,0.882,0.968346,0.645,0.94223,0.85053
T1237TS218_1o,0.97193,0.727,0.815,0.8104,0.939,0.915,0.72291,0.935,,0.815,,0.793,0.984,0.92889,0.83123,,0.927,0.8577,0.8458,0.895,0.967419,0.507,0.93791,0.8439
T1237TS219_1o,0.99763,0.606,0.833,0.8038,0.926,0.973,0.74009,0.987,,0.833,,0.824,0.974,0.93201,0.8453,,0.99,0.86123,0.9238,0.905,0.970364,0.651,0.9372,0.86637
T1237TS219_2o,0.67729,0.478,0.593,0.6862,0.725,0.268,0.66249,0.545,,0.593,,0.66,0.69,0.64515,0.79233,,0.548,0.62483,0.4071,0.879,0.646569,0.069,0.90662,0.72532
T1237TS219_3o,0.54014,0.402,0.51,0.6168,0.65,,0.65934,0.417,,0.51,,0.638,0.61,0.49968,0.81036,,0.414,0.53092,0.2973,0.811,0.465706,,0.73068,0.71744
T1237TS219_4o,0.81126,0.542,0.668,0.7512,0.776,0.834,0.70563,0.695,,0.668,,0.681,0.824,0.77226,0.79679,,0.688,0.73848,0.5449,0.896,0.806019,0.076,0.92723,0.78552
T1237TS219_5o,0.42748,0.32,0.485,0.4806,0.537,,0.63222,0.321,,0.485,,0.617,0.55,0.41099,0.80899,,0.32,0.37721,0.2216,0.759,0.37853,,0.41999,0.64247
T1237TS221_1o,0.98648,0.75,0.867,0.8038,0.928,0.961,0.72407,0.977,,0.867,,0.791,0.94,0.93092,0.84517,,0.978,0.85696,0.9092,0.925,0.971061,0.564,0.92805,0.85595
T1237TS221_2o,0.98513,0.704,0.86,0.7896,0.927,0.957,0.71532,0.978,,0.86,,0.786,0.936,0.92934,0.84764,,0.973,0.8595,0.9048,0.913,0.968666,0.083,0.93267,0.85876
T1237TS221_3o,0.98531,0.726,0.87,0.7819,0.929,0.979,0.71667,0.979,,0.87,,0.791,0.938,0.92946,0.84566,,0.976,0.86022,0.9064,0.915,0.968516,0.15,0.93672,0.85818
T1237TS221_4o,0.98861,0.669,0.871,0.8427,0.933,0.969,0.7111,0.986,,0.871,,0.802,0.939,0.93308,0.85429,,0.982,0.85802,0.9112,0.886,0.974798,0.153,0.93563,0.86114
T1237TS221_5o,0.98709,0.722,0.868,0.777,0.925,0.976,0.7165,0.984,,0.868,,0.806,0.938,0.9305,0.84548,,0.979,0.85732,0.9123,0.925,0.968024,0.848,0.92177,0.85878
T1237TS241_1o,0.97398,0.663,0.794,0.8011,0.939,0.944,0.72385,0.939,,0.794,,0.806,0.978,0.93025,0.83103,,0.926,0.85908,0.8497,0.89,0.968643,0.087,0.93644,0.8456
T1237TS241_2o,0.97301,0.661,0.814,0.8208,0.939,0.866,0.71798,0.939,,0.814,,0.798,0.984,0.9293,0.83511,,0.926,0.85485,0.8482,0.875,0.970312,0.086,0.93588,0.84718
T1237TS241_3o,0.97034,0.633,0.773,0.8193,0.932,0.954,0.71506,0.929,,0.773,,0.803,0.97,0.92674,0.82174,,0.92,0.85868,0.8385,0.87,0.966166,0.578,0.9309,0.83911
T1237TS241_4o,0.97404,0.68,0.777,0.7697,0.938,0.966,0.72524,0.94,,0.777,,0.809,0.971,0.92813,0.82372,,0.932,0.8575,0.8565,0.916,0.967822,0.083,0.91855,0.84149
T1237TS241_5o,0.96509,0.625,0.768,0.8317,0.927,0.94,0.71672,0.914,,0.768,,0.805,0.978,0.92267,0.82155,,0.909,0.85698,0.8176,0.869,0.962751,0.86,0.93464,0.84027
T1237TS261_1o,0.44351,0.874,0.563,0.5984,0.7,,0.69622,0.337,,0.563,,0.662,0.773,0.40397,0.78447,,0.338,0.31113,0.2087,0.697,0.372673,,0.49853,0.62643
T1237TS261_2o,0.39368,0.869,0.55,0.5574,0.715,,0.69611,0.301,,0.55,,0.651,0.775,0.35324,0.76764,,0.302,0.28115,0.1874,0.702,0.277663,,0.1665,0.5786
T1237TS261_3o,0.34233,0.894,0.549,0.591,0.695,,0.68024,0.256,,0.549,,0.662,0.769,0.29667,0.83889,,0.258,0.31308,0.147,0.683,0.221523,,0.16608,0.67256
T1237TS261_4o,0.46861,0.881,0.545,0.6471,0.702,,0.70113,0.37,,0.545,,0.664,0.785,0.43419,0.74897,,0.372,0.29799,0.2526,0.699,0.403648,,0.16739,0.58857
T1237TS261_5o,0.46813,0.881,0.533,0.6551,0.707,,0.6991,0.363,,0.533,,0.66,0.782,0.42542,0.8341,,0.364,0.34107,0.2357,0.645,0.421283,,0.16585,0.6855
T1237TS262_1o,0.97382,0.585,0.703,0.7239,0.938,0.967,0.68619,0.929,,0.703,,0.754,0.847,0.92896,0.84484,,0.925,0.85945,0.8409,0.881,0.971836,0.497,0.93743,0.84658
T1237TS262_2o,0.97601,0.599,0.697,0.7454,0.939,0.959,0.69121,0.932,,0.697,,0.754,0.837,0.92906,0.81343,,0.924,0.85791,0.8398,0.865,0.971004,0.833,0.1666,0.82892
T1237TS262_3o,0.97314,0.591,0.699,0.7289,0.935,0.955,0.68621,0.927,,0.699,,0.748,0.841,0.92854,0.84568,,0.922,0.86036,0.8352,0.878,0.971377,0.497,0.16787,0.84749
T1237TS262_4o,0.97509,0.596,0.69,0.7534,0.939,0.954,0.69019,0.929,,0.69,,0.75,0.836,0.92864,0.81414,,0.92,0.85536,0.8329,0.867,0.968799,0.833,0.16681,0.82799
T1237TS262_5o,0.9734,0.592,0.699,0.728,0.936,0.957,0.6865,0.929,,0.699,,0.75,0.842,0.92897,0.84615,,0.923,0.86058,0.8374,0.877,0.972119,0.497,0.16751,0.84772
T1237TS264_1o,0.99924,0.727,0.823,0.7984,0.93,0.983,0.72355,0.986,,0.823,,0.788,0.99,0.93287,0.85997,,0.99,0.86266,0.9253,0.895,0.973652,0.439,0.93996,0.87206
T1237TS264_2o,0.99392,0.705,0.773,0.7792,0.931,0.973,0.72819,0.988,,0.773,,0.804,0.974,0.9334,0.84341,,0.988,0.86106,0.9214,0.899,0.971959,0.154,0.92209,0.85608
T1237TS264_3o,0.99392,0.705,0.773,0.7792,0.931,0.973,0.72819,0.988,,0.773,,0.804,0.974,0.9334,0.84341,,0.988,0.85935,0.9214,0.899,0.971959,0.154,0.92363,0.85551
T1237TS264_4o,0.99392,0.705,0.773,0.7792,0.931,0.973,0.72819,0.988,,0.773,,0.804,0.974,0.9334,0.84341,,0.988,0.85932,0.9214,0.899,0.971959,0.154,0.9234,0.8555
T1237TS264_5o,0.99392,0.705,0.773,0.7792,0.931,0.973,0.72819,0.988,,0.773,,0.804,0.974,0.9334,0.84341,,0.988,0.85933,0.9214,0.899,0.971959,0.154,0.92504,0.8555
T1237TS264_6o,0.99392,0.705,0.773,0.7792,0.931,0.973,0.72819,0.988,,0.773,,0.804,0.974,0.9334,0.84341,,0.988,0.85988,0.9214,0.899,0.971959,0.154,0.92085,0.85569
T1237TS267_1o,0.98642,0.707,0.776,0.7581,0.93,0.956,0.71702,0.981,,0.776,,0.792,0.981,0.9315,0.84495,,0.978,0.85749,0.9134,0.919,0.969786,0.084,0.93619,0.85801
T1237TS267_2o,0.99035,0.671,0.781,0.803,0.918,0.928,0.72581,0.98,,0.781,,0.795,0.979,0.93019,0.84479,,0.976,0.85549,0.9128,0.911,0.969813,0.084,0.16631,0.8568
T1237TS267_3o,0.98632,0.731,0.762,0.7695,0.912,0.953,0.71844,0.971,,0.762,,0.804,0.959,0.9258,0.82353,,0.966,0.85894,0.896,0.938,0.964645,0.545,0.16889,0.84419
T1237TS267_4o,0.96121,0.64,0.641,0.7799,0.906,0.76,0.68247,0.882,,0.641,,0.694,0.809,0.91302,0.75113,,0.877,0.84398,0.7663,0.837,0.95206,0.071,0.16647,0.75729
T1237TS267_5o,0.98432,0.737,0.668,0.7588,0.913,0.957,0.70396,0.968,,0.668,,0.803,0.915,0.92611,0.82275,,0.963,0.85874,0.8956,0.942,0.966168,0.684,0.16794,0.84337
T1237TS272_1o,0.97662,0.653,0.819,0.8404,0.943,0.907,0.7192,0.947,,0.819,,0.793,0.991,0.93133,0.83962,,0.94,0.85921,0.8653,0.873,0.970611,0.863,0.93535,0.84606
T1237TS272_2o,0.25731,0.516,0.719,0.711,0.718,,0.72573,0.194,,0.719,,0.811,0.95,0.2419,0.83504,,0.194,0.30511,0.1208,0.541,0.233572,,0.73726,0.66781
T1237TS272_3o,0.97662,0.653,0.819,0.8404,0.943,0.907,0.7192,0.947,,0.819,,0.793,0.991,0.93133,0.83962,,0.94,0.86187,0.8653,0.873,0.970611,0.863,0.93745,0.84695
T1237TS272_4,,,,,,,,,0.8,,,,,,,,,,,,,,,
T1237TS272_4o,0.25731,0.516,0.719,0.711,0.718,,0.72573,0.194,,0.719,,0.811,0.95,0.2419,0.83504,,0.194,0.30521,0.1208,0.541,0.233572,,0.75332,0.66784
T1237TS272_5o,0.97662,0.653,0.819,0.8404,0.943,0.907,0.7192,0.947,,0.819,,0.793,0.991,0.93133,0.83962,,0.94,0.86152,0.8653,0.873,0.970611,0.863,0.93522,0.84683
T1237TS274_1o,0.97028,0.749,0.703,0.7214,0.935,0.937,0.69271,0.929,,0.703,,0.705,0.868,0.92791,0.84123,,0.917,0.8622,0.835,0.876,0.969951,0.848,0.91976,0.85036
T1237TS274_2o,0.97399,0.765,0.699,0.7348,0.937,0.942,0.69922,0.938,,0.699,,0.712,0.861,0.92892,0.83586,,0.93,0.86065,0.8512,0.88,0.97051,0.832,0.92049,0.84789
T1237TS274_3o,0.96853,0.759,0.716,0.7379,0.935,0.962,0.69324,0.921,,0.716,,0.723,0.874,0.92641,0.84402,,0.909,0.86167,0.8231,0.867,0.966805,0.822,0.92878,0.85193
T1237TS274_4o,0.96995,0.804,0.673,0.7019,0.933,0.935,0.6963,0.929,,0.673,,0.707,0.863,0.92618,0.83814,,0.928,0.85406,0.8476,0.897,0.964718,0.803,0.90799,0.84515
T1237TS274_5o,0.94697,0.759,0.667,0.7316,0.9,0.955,0.70176,0.892,,0.667,,0.714,0.866,0.90373,0.82676,,0.885,0.84602,0.8031,0.891,0.94294,0.768,0.91922,0.83673
T1237TS284_1o,0.98043,0.682,0.762,0.807,0.933,0.94,0.72694,0.966,,0.762,,0.802,0.972,0.93144,0.81395,,0.955,0.8602,0.8869,0.908,0.969481,0.083,0.92356,0.83198
T1237TS284_2o,0.97818,0.647,0.805,0.8091,0.946,0.906,0.72143,0.95,,0.805,,0.805,0.972,0.93206,0.82692,,0.941,0.8618,0.8673,0.871,0.972232,0.294,0.93574,0.83716
T1237TS284_3o,0.9777,0.666,0.818,0.8316,0.945,0.946,0.71615,0.947,,0.818,,0.804,0.972,0.93104,0.82828,,0.941,0.86171,0.8636,0.868,0.969176,0.505,0.93618,0.83709
T1237TS284_4o,0.9769,0.643,0.799,0.8343,0.947,0.969,0.71689,0.944,,0.799,,0.799,0.981,0.931,0.82559,,0.939,0.86131,0.8619,0.879,0.971174,0.579,0.93165,0.83509
T1237TS284_5o,0.97929,0.64,0.811,0.8144,0.948,0.938,0.72524,0.954,,0.811,,0.801,0.98,0.93256,0.8303,,0.946,0.86125,0.8738,0.878,0.972747,0.719,0.93687,0.83664
T1237TS286_1o,0.99781,0.713,0.871,0.8321,0.93,0.99,0.71297,0.984,,0.871,,0.811,0.941,0.93206,0.85675,,0.983,0.86147,0.917,0.902,0.971478,0.756,0.93774,0.86864
T1237TS286_2o,0.99066,0.685,0.877,0.8574,0.942,0.987,0.70766,0.989,,0.877,,0.818,0.949,0.93326,0.85509,,0.985,0.85968,0.9145,0.869,0.973281,0.926,0.93527,0.86618
T1237TS286_3o,0.98961,0.677,0.875,0.8661,0.939,0.987,0.714,0.985,,0.875,,0.831,0.955,0.93291,0.85244,,0.981,0.86044,0.911,0.87,0.971098,0.918,0.93336,0.86507
T1237TS286_4o,0.53839,0.451,0.61,0.7218,0.838,0.657,0.69125,0.415,,0.61,,0.667,0.796,0.52104,0.7315,,0.414,0.5424,0.2826,0.812,0.448552,0.036,0.7368,0.68651
T1237TS286_5o,0.52273,0.484,0.63,0.6845,0.804,,0.67349,0.395,,0.63,,0.651,0.786,0.50872,0.73889,,0.396,0.53757,0.2681,0.743,0.451444,,0.75042,0.68818
T1237TS287_1o,0.97076,0.665,0.788,0.7973,0.94,0.923,0.72503,0.926,,0.788,,0.807,0.975,0.92766,0.82893,,0.916,0.85979,0.8337,0.873,0.967753,0.367,0.93949,0.84269
T1237TS287_2o,0.97203,0.64,0.79,0.8268,0.941,0.886,0.72049,0.932,,0.79,,0.802,0.979,0.92815,0.83222,,0.928,0.85513,0.8424,0.873,0.969138,0.43,0.16934,0.84321
T1237TS287_3o,0.96686,0.708,0.841,0.84,0.942,0.95,0.71419,0.926,,0.841,,0.793,0.988,0.92551,0.84223,,0.913,0.85851,0.8285,0.873,0.965174,0.426,0.16696,0.848
T1237TS287_4o,0.97336,0.671,0.789,0.8168,0.939,0.924,0.72297,0.933,,0.789,,0.804,0.979,0.92933,0.83225,,0.921,0.85897,0.8413,0.88,0.968065,0.086,0.16658,0.84483
T1237TS287_5o,0.97003,0.638,0.791,0.8034,0.935,0.852,0.72325,0.927,,0.791,,0.803,0.967,0.9271,0.8279,,0.918,0.85439,0.8327,0.872,0.966616,0.086,0.16597,0.84185
T1237TS290_1o,0.99033,0.658,0.763,0.7954,0.934,0.943,0.73064,0.989,,0.763,,0.8,0.977,0.93356,0.83599,,0.985,0.85862,0.9171,0.892,0.97292,0.582,0.93534,0.85116
T1237TS290_2o,0.99068,0.706,0.788,0.8015,0.92,0.975,0.71831,0.982,,0.788,,0.79,0.982,0.92693,0.84901,,0.976,0.85599,0.9069,0.91,0.976395,0.155,0.94262,0.86082
T1237TS290_3o,0.98528,0.698,0.743,0.7687,0.913,0.942,0.72665,0.979,,0.743,,0.795,0.976,0.92836,0.82884,,0.976,0.85717,0.907,0.911,0.968586,0.477,0.91501,0.84846
T1237TS290_4o,0.96652,0.77,0.782,0.8182,0.935,0.975,0.71615,0.919,,0.782,,0.806,0.945,0.92562,0.84155,,0.909,0.85945,0.8227,0.886,0.967155,0.864,0.94383,0.84874
T1237TS290_5o,0.97009,0.758,0.767,0.801,0.939,0.94,0.7142,0.925,,0.767,,0.808,0.949,0.9277,0.83967,,0.916,0.8573,0.8298,0.89,0.967282,0.864,0.93855,0.84675
T1237TS293_1o,0.99908,0.699,0.802,0.8071,0.93,0.982,0.72982,0.986,,0.802,,0.788,0.991,0.93342,0.85778,,0.989,0.86261,0.9269,0.904,0.973567,0.438,0.93942,0.86725
T1237TS293_2o,0.99874,0.73,0.827,0.809,0.927,0.974,0.7181,0.983,,0.827,,0.793,0.984,0.93167,0.86225,,0.988,0.86237,0.9198,0.894,0.970895,0.438,0.94093,0.87207
T1237TS293_3o,0.99886,0.638,0.846,0.7969,0.924,0.969,0.73309,0.984,,0.846,,0.826,0.974,0.93236,0.85166,,0.989,0.8634,0.9231,0.897,0.971102,0.438,0.9387,0.86889
T1237TS293_4o,0.99856,0.641,0.81,0.7786,0.929,0.971,0.73659,0.987,,0.81,,0.824,0.956,0.93348,0.84492,,0.987,0.86337,0.9259,0.902,0.97267,0.439,0.94047,0.86191
T1237TS293_5o,0.99843,0.718,0.818,0.7996,0.929,0.979,0.72737,0.984,,0.818,,0.789,0.993,0.93352,0.85981,,0.986,0.86282,0.9247,0.897,0.973359,0.438,0.93934,0.87011
T1237TS294_1o,0.98624,0.695,0.77,0.7557,0.928,0.957,0.72202,0.983,,0.77,,0.79,0.979,0.93069,0.84254,,0.977,0.8576,0.9114,0.918,0.968633,0.084,0.93462,0.85675
T1237TS294_2o,0.97375,0.666,0.78,0.7692,0.921,0.895,0.71944,0.938,,0.78,,0.801,0.974,0.92767,0.81981,,0.934,0.85491,0.8575,0.926,0.966524,0.085,0.16671,0.83737
T1237TS294_3o,0.99066,0.703,0.76,0.776,0.931,0.959,0.71934,0.984,,0.76,,0.801,0.97,0.93473,0.83577,,0.982,0.85866,0.9193,0.915,0.972171,0.156,0.16751,0.8529
T1237TS294_4o,0.97777,0.647,0.805,0.8585,0.939,0.881,0.712,0.944,,0.805,,0.804,0.979,0.93133,0.82909,,0.939,0.85848,0.8609,0.871,0.970096,0.086,0.16757,0.8428
T1237TS294_5o,0.99689,0.698,0.775,0.7745,0.928,0.952,0.72498,0.984,,0.775,,0.793,0.985,0.93405,0.84596,,0.985,0.85933,0.9236,0.909,0.97178,0.368,0.1688,0.85961
T1237TS298_1o,0.97019,0.675,0.799,0.825,0.947,0.963,0.72124,0.932,,0.799,,0.801,0.981,0.92782,0.83147,,0.923,0.85852,0.8419,0.88,0.967518,0.868,0.93197,0.84393
T1237TS298_2o,0.97485,0.668,0.831,0.8294,0.947,0.965,0.7273,0.94,,0.831,,0.804,0.982,0.92978,0.83661,,0.933,0.85915,0.854,0.863,0.969526,0.77,0.93914,0.84634
T1237TS298_3o,0.97243,0.675,0.783,0.8131,0.945,0.929,0.72564,0.933,,0.783,,0.804,0.978,0.9289,0.82743,,0.925,0.85878,0.8441,0.873,0.969687,0.787,0.93417,0.84251
T1237TS298_4o,0.96776,0.679,0.83,0.8225,0.945,0.968,0.72552,0.922,,0.83,,0.801,0.987,0.92544,0.83413,,0.921,0.85846,0.8309,0.874,0.965797,0.579,0.93424,0.84235
T1237TS298_5o,0.97615,0.708,0.813,0.8155,0.946,0.964,0.7231,0.946,,0.813,,0.804,0.986,0.93114,0.83562,,0.937,0.85954,0.8613,0.867,0.972417,0.865,0.93431,0.84451
T1237TS301_1o,0.98043,0.682,0.762,0.807,0.933,0.94,0.72694,0.966,,0.762,,0.802,0.972,0.93144,0.81395,,0.955,0.86027,0.8869,0.908,0.969481,0.083,0.91738,0.832
T1237TS301_2o,0.97818,0.647,0.805,0.8091,0.946,0.906,0.72143,0.95,,0.805,,0.805,0.972,0.93206,0.82692,,0.941,0.86179,0.8673,0.871,0.972232,0.294,0.93655,0.83716
T1237TS301_3o,0.9777,0.666,0.818,0.8316,0.945,0.946,0.71615,0.947,,0.818,,0.804,0.972,0.93104,0.82828,,0.941,0.86169,0.8636,0.868,0.969176,0.505,0.93483,0.83708
T1237TS301_4o,0.9769,0.643,0.799,0.8343,0.947,0.969,0.71689,0.944,,0.799,,0.799,0.981,0.931,0.82559,,0.939,0.86128,0.8619,0.879,0.971174,0.579,0.93078,0.83508
T1237TS301_5o,0.97929,0.64,0.811,0.8144,0.948,0.938,0.72524,0.954,,0.811,,0.801,0.98,0.93256,0.8303,,0.946,0.86076,0.8738,0.878,0.972747,0.719,0.93189,0.83647
T1237TS304_1o,0.97889,0.686,0.815,0.8205,0.949,0.939,0.72425,0.951,,0.815,,0.798,0.987,0.9324,0.8333,,0.945,0.85792,0.8701,0.879,0.971725,0.863,0.93053,0.84125
T1237TS304_2o,0.97488,0.699,0.825,0.8364,0.949,0.971,0.71984,0.937,,0.825,,0.798,0.982,0.92938,0.83972,,0.935,0.85909,0.8511,0.869,0.96871,0.861,0.93485,0.84215
T1237TS304_3o,0.98052,0.665,0.806,0.8152,0.952,0.959,0.72034,0.954,,0.806,,0.808,0.973,0.93271,0.82832,,0.946,0.8612,0.8709,0.868,0.973084,0.502,0.93462,0.83905
T1237TS304_4o,0.97511,0.7,0.829,0.8212,0.948,0.957,0.71957,0.944,,0.829,,0.8,0.984,0.93083,0.8334,,0.932,0.85886,0.8567,0.867,0.969799,0.871,0.93775,0.84094
T1237TS304_5o,0.95854,0.678,0.825,0.8268,0.93,0.981,0.71839,0.903,,0.825,,0.799,0.974,0.91077,0.84144,,0.9,0.85241,0.8023,0.854,0.950946,0.825,0.92964,0.83724
T1237TS311_1o,0.98649,0.702,0.765,0.7557,0.926,0.941,0.72209,0.979,,0.765,,0.8,0.969,0.92814,0.83007,,0.976,0.85755,0.9051,0.914,0.966719,0.15,0.93859,0.84867
T1237TS311_2o,0.985,0.679,0.742,0.7726,0.922,0.935,0.73017,0.978,,0.742,,0.795,0.974,0.92857,0.82536,,0.972,0.85871,0.8996,0.926,0.969055,0.084,0.93929,0.84602
T1237TS311_3o,0.98726,0.679,0.737,0.8016,0.925,0.982,0.72442,0.981,,0.737,,0.805,0.958,0.92802,0.82371,,0.975,0.86102,0.9053,0.904,0.966315,0.835,0.93777,0.84478
T1237TS311_4o,0.98823,0.689,0.75,0.7856,0.926,0.884,0.71945,0.973,,0.75,,0.797,0.968,0.92993,0.82631,,0.966,0.85673,0.893,0.908,0.96748,0.296,0.94013,0.84373
T1237TS311_5o,0.99496,0.683,0.777,0.7798,0.919,0.932,0.72798,0.972,,0.777,,0.798,0.977,0.9293,0.83294,,0.978,0.85866,0.9036,0.9,0.96907,0.295,0.94096,0.85114
T1237TS312_1o,0.99924,0.727,0.823,0.7984,0.93,0.983,0.72355,0.986,,0.823,,0.788,0.99,0.93287,0.85997,,0.99,0.86275,0.9253,0.895,0.973652,0.439,0.93865,0.87209
T1237TS312_2o,0.99392,0.705,0.773,0.7792,0.931,0.973,0.72819,0.988,,0.773,,0.804,0.974,0.9334,0.84341,,0.988,0.85939,0.9214,0.899,0.971959,0.154,0.92418,0.85553
T1237TS312_3o,0.99062,0.706,0.735,0.7584,0.924,0.953,0.72631,0.984,,0.735,,0.808,0.975,0.93373,0.83027,,0.985,0.8605,0.919,0.912,0.974088,0.154,0.93503,0.85037
T1237TS312_4o,0.95388,0.674,0.855,0.7787,0.288,0.92,0.47201,0.949,,0.855,,0.945,0.926,0.90161,0.81926,,0.951,0.85643,0.8886,0.953,0.981363,0.329,0.93956,0.85122
T1237TS312_5,,,,,,,,,0.9,,,,,,,,,,,,,,,
T1237TS312_5o,0.99786,0.741,0.663,0.7647,0.931,0.973,0.6886,0.984,,0.663,,0.75,0.871,0.93335,0.87807,,0.989,0.86361,0.923,0.894,0.971523,0.438,0.93222,0.8968
T1237TS319_1o,0.97922,0.64,0.814,0.8014,0.941,0.924,0.71866,0.942,,0.814,,0.807,0.982,0.93161,0.83491,,0.939,0.85939,0.8559,0.877,0.970377,0.087,0.93636,0.84911
T1237TS319_2o,0.989,0.666,0.734,0.7912,0.928,0.983,0.72135,0.98,,0.734,,0.801,0.967,0.93051,0.83312,,0.98,0.86017,0.912,0.897,0.969872,0.855,0.93554,0.8517
T1237TS319_3o,0.99863,0.688,0.818,0.7979,0.93,0.973,0.7206,0.986,,0.818,,0.792,0.974,0.93349,0.85989,,0.988,0.86256,0.9254,0.894,0.972677,0.438,0.93749,0.87233
T1237TS319_4o,0.98173,0.674,0.746,0.7545,0.926,0.926,0.7258,0.95,,0.746,,0.804,0.97,0.9304,0.83203,,0.952,0.85657,0.873,0.923,0.968474,0.701,0.93669,0.84916
T1237TS319_5o,0.981,0.65,0.749,0.7802,0.898,0.925,0.72302,0.968,,0.749,,0.8,0.967,0.92225,0.83523,,0.968,0.85465,0.9011,0.932,0.955769,0.145,0.93274,0.85024
T1237TS322_1o,0.99763,0.606,0.833,0.8038,0.926,0.973,0.74009,0.987,,0.833,,0.824,0.974,0.93201,0.8453,,0.99,0.86266,0.9238,0.905,0.970364,0.651,0.93722,0.86684
T1237TS322_2o,0.67729,0.478,0.593,0.6862,0.725,0.268,0.66249,0.545,,0.593,,0.66,0.69,0.64515,0.79233,,0.548,0.62907,0.4071,0.879,0.646569,0.069,0.90599,0.72673
T1237TS322_3o,0.54014,0.402,0.51,0.6168,0.65,,0.65934,0.417,,0.51,,0.638,0.61,0.49968,0.81036,,0.414,0.51817,0.2973,0.811,0.465706,,0.73124,0.71319
T1237TS322_4o,0.81126,0.542,0.668,0.7512,0.776,0.834,0.70563,0.695,,0.668,,0.681,0.824,0.77226,0.79679,,0.688,0.7408,0.5449,0.896,0.806019,0.076,0.9261,0.78629
T1237TS322_5o,0.56409,0.393,0.562,0.678,0.634,,0.62702,0.441,,0.562,,0.644,0.61,0.51926,0.75678,,0.442,0.53864,0.3002,0.907,0.507501,,0.74425,0.68392
T1237TS323_1o,0.97759,0.656,0.778,0.8063,0.938,0.946,0.71657,0.941,,0.778,,0.807,0.968,0.9316,0.82612,,0.935,0.86203,0.8594,0.884,0.971291,0.367,0.93375,0.84315
T1237TS331_1o,0.97922,0.64,0.814,0.8014,0.941,0.924,0.71866,0.942,,0.814,,0.807,0.982,0.93161,0.83491,,0.939,0.86245,0.8559,0.877,0.970377,0.087,0.93538,0.85013
T1237TS331_2o,0.95661,0.641,0.715,0.7735,0.89,0.712,0.71504,0.903,,0.715,,0.818,0.955,0.90525,0.8342,,0.908,0.84877,0.8173,0.903,0.944071,0.067,0.92208,0.85982
T1237TS331_3o,0.99924,0.727,0.823,0.7984,0.93,0.983,0.72355,0.986,,0.823,,0.788,0.99,0.93287,0.85997,,0.99,0.8627,0.9253,0.895,0.973652,0.439,0.93933,0.87208
T1237TS331_4o,0.9551,0.646,0.715,0.7679,0.891,0.742,0.71395,0.899,,0.715,,0.818,0.952,0.90403,0.83434,,0.904,0.84159,0.8106,0.905,0.943374,0.067,0.92174,0.85698
T1237TS331_5o,0.95161,0.653,0.71,0.7603,0.887,0.642,0.71608,0.885,,0.71,,0.816,0.947,0.90042,0.83412,,0.896,0.84573,0.7932,0.881,0.940172,0.067,0.92588,0.85813
T1237TS345_1o,0.97922,0.64,0.814,0.8014,0.941,0.924,0.71866,0.942,,0.814,,0.807,0.982,0.93161,0.83491,,0.939,0.86261,0.8559,0.877,0.970377,0.087,0.93585,0.85018
T1237TS345_2o,0.95661,0.641,0.715,0.7735,0.89,0.712,0.71504,0.903,,0.715,,0.818,0.955,0.90525,0.8342,,0.908,0.84879,0.8173,0.903,0.944071,0.067,0.92093,0.85983
T1237TS345_3o,0.99924,0.727,0.823,0.7984,0.93,0.983,0.72355,0.986,,0.823,,0.788,0.99,0.93287,0.85997,,0.99,0.86261,0.9253,0.895,0.973652,0.439,0.93968,0.87205
T1237TS345_4o,0.9551,0.646,0.715,0.7679,0.891,0.742,0.71395,0.899,,0.715,,0.818,0.952,0.90403,0.83434,,0.904,0.84828,0.8106,0.905,0.943374,0.067,0.9189,0.85921
T1237TS345_5o,0.95161,0.653,0.71,0.7603,0.887,0.642,0.71608,0.885,,0.71,,0.816,0.947,0.90042,0.83412,,0.896,0.84608,0.7932,0.881,0.940172,0.067,0.92063,0.85824
T1237TS345_6o,0.99132,0.694,0.74,0.7773,0.923,0.93,0.72329,0.98,,0.74,,0.798,0.963,0.93103,0.83114,,0.981,0.85667,0.9138,0.914,0.969535,0.084,0.93467,0.84825
T1237TS369_1o,0.97427,0.646,0.782,0.8091,0.946,0.972,0.7244,0.929,,0.782,,0.827,0.953,0.92719,0.86013,,0.932,0.85765,0.8415,0.882,0.965643,0.874,0.93648,0.88428
T1237TS369_2o,0.97508,0.625,0.773,0.8041,0.948,0.961,0.73086,0.934,,0.773,,0.83,0.948,0.9285,0.86167,,0.934,0.86146,0.846,0.873,0.965904,0.874,0.93818,0.88639
T1237TS369_3o,0.97512,0.628,0.785,0.7974,0.946,0.967,0.72767,0.934,,0.785,,0.828,0.946,0.92865,0.86276,,0.934,0.86203,0.8466,0.882,0.967375,0.874,0.93615,0.88645
T1237TS369_4o,0.97445,0.627,0.785,0.8022,0.945,0.955,0.73562,0.934,,0.785,,0.823,0.937,0.92839,0.86235,,0.932,0.86196,0.845,0.878,0.967704,0.874,0.93629,0.88418
T1237TS369_5o,0.97533,0.625,0.769,0.8133,0.944,0.97,0.71908,0.939,,0.769,,0.827,0.948,0.92973,0.85679,,0.937,0.86282,0.8536,0.882,0.967021,0.874,0.93912,0.88489
T1237TS375_1o,0.97858,0.653,0.836,0.8343,0.942,0.884,0.7189,0.947,,0.836,,0.8,0.979,0.93161,0.83522,,0.944,0.85708,0.8651,0.88,0.970305,0.085,0.93434,0.84145
T1237TS375_2o,0.97746,0.645,0.825,0.823,0.939,0.894,0.72224,0.947,,0.825,,0.794,0.986,0.93166,0.82788,,0.938,0.8579,0.8644,0.883,0.970447,0.086,0.93393,0.84041
T1237TS375_3o,0.97406,0.659,0.824,0.8093,0.934,0.863,0.71703,0.936,,0.824,,0.797,0.981,0.92987,0.83252,,0.926,0.8549,0.8489,0.889,0.970769,0.086,0.93725,0.84063
T1237TS375_4o,0.98131,0.645,0.824,0.8277,0.942,0.903,0.72407,0.957,,0.824,,0.799,0.987,0.93352,0.82979,,0.951,0.85996,0.8779,0.882,0.973916,0.086,0.93909,0.84125
T1237TS375_5o,0.97808,0.647,0.801,0.8225,0.941,0.932,0.72595,0.952,,0.801,,0.799,0.981,0.93233,0.82836,,0.943,0.86018,0.871,0.877,0.971687,0.086,0.93283,0.84003
T1237TS388_1o,0.99617,0.687,0.824,0.7829,0.924,0.973,0.71633,0.984,,0.824,,0.796,0.993,0.93121,0.86,,0.985,0.85989,0.9171,0.89,0.970928,0.361,0.93989,0.87229
T1237TS388_2o,0.99638,0.687,0.793,0.7724,0.926,0.972,0.72103,0.98,,0.793,,0.794,0.99,0.93265,0.85821,,0.983,0.86133,0.9152,0.889,0.971427,0.355,0.92951,0.8738
T1237TS388_3o,0.98671,0.68,0.775,0.8064,0.931,0.978,0.71563,0.983,,0.775,,0.809,0.972,0.92928,0.84017,,0.983,0.86036,0.9087,0.865,0.955743,0.864,0.93909,0.85802
T1237TS388_4o,0.97295,0.739,0.782,0.805,0.901,0.944,0.72112,0.963,,0.782,,0.794,0.97,0.91348,0.83998,,0.965,0.8501,0.8952,0.946,0.948506,0.748,0.93547,0.85584
T1237TS388_5o,0.9727,0.738,0.783,0.8033,0.899,0.957,0.71823,0.963,,0.783,,0.797,0.97,0.91382,0.83798,,0.965,0.85324,0.8941,0.949,0.949096,0.806,0.93905,0.8541
T1237TS393_1o,0.99924,0.727,0.823,0.7984,0.93,0.983,0.72355,0.986,,0.823,,0.788,0.99,0.93287,0.85997,,0.99,0.86249,0.9253,0.895,0.973652,0.439,0.93658,0.87201
T1237TS393_2o,0.99392,0.705,0.773,0.7792,0.931,0.973,0.72819,0.988,,0.773,,0.804,0.974,0.9334,0.84341,,0.988,0.85939,0.9214,0.899,0.971959,0.154,0.92301,0.85552
T1237TS393_3o,0.99062,0.706,0.735,0.7584,0.924,0.953,0.72631,0.984,,0.735,,0.808,0.975,0.93373,0.83027,,0.985,0.86249,0.919,0.912,0.974088,0.154,0.93729,0.85104
T1237TS393_4o,0.99782,0.648,0.802,0.7702,0.925,0.902,0.73649,0.985,,0.802,,0.819,0.956,0.93413,0.83463,,0.989,0.8641,0.9247,0.9,0.971852,0.438,0.93203,0.85937
T1237TS393_5o,0.99763,0.606,0.833,0.8038,0.926,0.973,0.74009,0.987,,0.833,,0.824,0.974,0.93201,0.8453,,0.99,0.86216,0.9238,0.905,0.970364,0.651,0.93766,0.86668
T1237TS393_6o,0.99872,0.7,0.819,0.8016,0.932,0.979,0.72016,0.986,,0.819,,0.793,0.977,0.93325,0.86142,,0.988,0.86246,0.9232,0.895,0.97273,0.51,0.93964,0.87394
T1237TS419_1o,0.99207,0.688,0.883,0.8476,0.939,0.987,0.71442,0.992,,0.883,,0.82,0.95,0.93464,0.85739,,0.993,0.86167,0.925,0.88,0.975042,0.904,0.9395,0.86908
T1237TS419_2o,0.99207,0.701,0.888,0.8429,0.938,0.986,0.71619,0.991,,0.888,,0.824,0.952,0.9346,0.85454,,0.99,0.85935,0.9232,0.878,0.974742,0.904,0.93993,0.86459
T1237TS419_3o,0.99669,0.714,0.88,0.8417,0.93,0.989,0.71908,0.982,,0.88,,0.801,0.943,0.93158,0.85623,,0.984,0.86093,0.918,0.9,0.970831,0.799,0.93135,0.86861
T1237TS419_4o,0.99713,0.719,0.886,0.8358,0.935,0.984,0.71731,0.984,,0.886,,0.818,0.945,0.93294,0.85861,,0.987,0.86232,0.9218,0.897,0.971503,0.875,0.93231,0.86889
T1237TS419_5o,0.97073,0.731,0.867,0.8345,0.938,0.978,0.7155,0.929,,0.867,,0.807,0.941,0.92759,0.84226,,0.919,0.85951,0.8387,0.877,0.969009,0.562,0.93329,0.84655
T1237TS423_1o,0.9981,0.64,0.783,0.7933,0.928,0.969,0.73124,0.984,,0.783,,0.821,0.955,0.93337,0.83734,,0.988,0.86298,0.9239,0.899,0.9735,0.439,0.93319,0.8604
T1237TS423_2o,0.99785,0.61,0.772,0.7722,0.927,0.93,0.73615,0.985,,0.772,,0.826,0.952,0.93331,0.83005,,0.988,0.8622,0.9238,0.901,0.971378,0.224,0.93626,0.85559
T1237TS423_3o,0.97024,0.623,0.766,0.794,0.894,0.946,0.72959,0.96,,0.766,,0.821,0.945,0.91027,0.81815,,0.962,0.85038,0.8895,0.949,0.947691,0.335,0.93361,0.84345
T1237TS423_4o,0.98586,0.588,0.75,0.7802,0.898,0.931,0.72682,0.969,,0.75,,0.816,0.946,0.92585,0.81619,,0.972,0.8577,0.8978,0.934,0.962912,0.275,0.92597,0.84507
T1237TS423_5o,0.96801,0.614,0.732,0.7902,0.9,0.928,0.73195,0.965,,0.732,,0.822,0.936,0.91194,0.81441,,0.959,0.85026,0.8973,0.956,0.948018,0.523,0.93344,0.84281
T1237TS425_1o,0.97677,0.661,0.832,0.8203,0.94,0.902,0.72137,0.938,,0.832,,0.791,0.983,0.93094,0.83824,,0.933,0.86139,0.8494,0.875,0.969054,0.086,0.93694,0.85137
T1237TS425_2o,0.98675,0.691,0.735,0.7715,0.927,0.952,0.72112,0.98,,0.735,,0.812,0.973,0.9307,0.83096,,0.977,0.86075,0.9104,0.904,0.971124,0.563,0.93418,0.85036
T1237TS425_3o,0.99546,0.698,0.758,0.7897,0.923,0.857,0.71753,0.983,,0.758,,0.794,0.966,0.93227,0.83774,,0.986,0.85755,0.9164,0.9,0.972107,0.225,0.93934,0.85432
T1237TS425_4o,0.98173,0.674,0.746,0.7545,0.926,0.926,0.7258,0.95,,0.746,,0.804,0.97,0.9304,0.83203,,0.952,0.85868,0.873,0.923,0.968474,0.701,0.93654,0.84986
T1237TS425_5o,0.981,0.65,0.749,0.7802,0.898,0.925,0.72302,0.968,,0.749,,0.8,0.967,0.92225,0.83523,,0.968,0.85599,0.9011,0.932,0.955769,0.145,0.93236,0.85069
T1237TS450_1o,0.84309,0.65,0.515,0.6768,0.803,0.557,0.60361,0.736,,0.515,,0.666,0.696,0.79964,0.47163,,0.734,0.7654,0.5976,0.746,0.816264,0.032,0.8284,0.65339
T1237TS450_2o,0.53368,0.53,0.495,0.669,0.711,,0.60401,0.432,,0.495,,0.657,0.687,0.48921,0.4682,,0.428,0.51331,0.3049,0.707,0.456066,,0.80835,0.56757
T1237TS450_3o,0.50128,0.503,0.507,0.6318,0.728,,0.62939,0.399,,0.507,,0.641,0.691,0.48723,0.47977,,0.395,0.5038,0.2854,0.573,0.442209,,0.87027,0.56858
T1237TS450_4o,0.65311,0.584,0.503,0.6416,0.741,0.4,0.63399,0.529,,0.503,,0.654,0.713,0.61017,0.45517,,0.525,0.6062,0.3899,0.825,0.598688,0.034,0.89945,0.59451
T1237TS450_5o,0.59753,0.536,0.495,0.5692,0.691,,0.60092,0.484,,0.495,,0.644,0.668,0.55291,0.47519,,0.482,0.55313,0.3511,0.769,0.523707,,0.88455,0.58382
T1237TS456_1o,0.9526,0.628,0.87,0.7618,0.287,0.906,0.47689,0.938,,0.87,,0.959,0.94,0.90001,0.81835,,0.944,0.85784,0.872,0.949,0.981206,0.329,0.94156,0.8503
T1237TS456_2o,0.95188,0.667,0.856,0.7632,0.289,0.911,0.47255,0.935,,0.856,,0.955,0.936,0.89885,0.8161,,0.941,0.85683,0.8676,0.949,0.978779,0.329,0.94166,0.84999
T1237TS456_3o,0.94122,0.664,0.874,0.7802,0.286,0.888,0.47571,0.905,,0.874,,0.975,0.956,0.89855,0.81671,,0.897,0.85697,0.8285,0.961,0.97995,0.651,0.93891,0.84138
T1237TS456_4o,0.93997,0.693,0.875,0.7856,0.286,0.921,0.4723,0.902,,0.875,,0.977,0.958,0.89815,0.81775,,0.896,0.85751,0.8233,0.957,0.979455,0.651,0.94126,0.84175
T1237TS456_5o,0.96942,0.635,0.765,0.8261,0.932,0.911,0.71651,0.926,,0.765,,0.808,0.965,0.92497,0.81761,,0.923,0.85616,0.8369,0.872,0.967085,0.365,0.9148,0.83787
T1237TS462_1o,1.0,0.706,0.803,0.8096,0.925,0.976,0.72039,0.984,,0.803,,0.793,0.993,0.93233,0.85797,,0.989,0.8621,0.9221,0.894,0.972682,0.439,0.93658,0.86828
T1237TS462_2o,0.99951,0.696,0.793,0.804,0.929,0.978,0.72344,0.984,,0.793,,0.801,0.991,0.93325,0.85804,,0.989,0.86171,0.9242,0.896,0.973761,0.438,0.94084,0.86768
T1237TS462_3o,0.99731,0.71,0.815,0.8005,0.929,0.942,0.72624,0.983,,0.815,,0.794,0.979,0.93292,0.85521,,0.986,0.86314,0.9195,0.897,0.971796,0.296,0.94157,0.86738
T1237TS462_4o,0.99166,0.705,0.813,0.8291,0.934,0.987,0.71781,0.991,,0.813,,0.789,0.992,0.93351,0.85855,,0.989,0.86146,0.9208,0.882,0.971192,0.94,0.9325,0.87021
T1237TS462_5o,0.9988,0.726,0.753,0.7974,0.929,0.965,0.70423,0.984,,0.753,,0.809,0.916,0.93273,0.86176,,0.989,0.8635,0.9225,0.887,0.972967,0.439,0.93807,0.87245
T1237TS462_6o,0.98347,0.725,0.767,0.7839,0.91,0.973,0.72926,0.929,,0.767,,0.806,0.946,0.91773,0.8466,,0.923,0.85363,0.8293,0.9,0.956806,0.649,0.93392,0.85922
T1237TS465_1o,0.98759,0.699,0.773,0.7783,0.934,0.953,0.7272,0.982,,0.773,,0.805,0.973,0.93265,0.84187,,0.976,0.86048,0.9077,0.897,0.98164,0.647,0.94088,0.85309
T1237TS465_2o,0.48365,0.314,0.452,0.6012,0.547,,0.58347,0.368,,0.452,,0.634,0.525,0.42268,0.7583,,0.368,0.35225,0.2282,0.846,0.370912,,0.54559,0.61416
T1237TS465_3o,0.57463,0.365,0.481,0.6006,0.591,,0.66774,0.451,,0.481,,0.642,0.606,0.53458,0.78451,,0.448,0.53853,0.3194,0.793,0.494153,,0.75216,0.67018
T1237TS465_4o,0.68105,0.539,0.628,0.69,0.745,0.385,0.65953,0.549,,0.628,,0.661,0.709,0.64927,0.79784,,0.551,0.63442,0.4116,0.923,0.665269,0.074,0.87988,0.74793
T1237TS465_5o,0.52591,0.401,0.548,0.6824,0.635,,0.66455,0.411,,0.548,,0.64,0.666,0.48531,0.76841,,0.408,0.48952,0.2964,0.841,0.460084,,0.84406,0.68949
T1237TS475_1o,0.98043,0.682,0.762,0.807,0.933,0.94,0.72694,0.966,,0.762,,0.802,0.972,0.93144,0.81395,,0.955,0.86003,0.8869,0.908,0.969481,0.083,0.90617,0.83192
T1237TS475_2o,0.97818,0.647,0.805,0.8091,0.946,0.906,0.72143,0.95,,0.805,,0.805,0.972,0.93206,0.82692,,0.941,0.86167,0.8673,0.871,0.972232,0.294,0.93609,0.83711
T1237TS475_3o,0.9777,0.666,0.818,0.8316,0.945,0.946,0.71615,0.947,,0.818,,0.804,0.972,0.93104,0.82828,,0.941,0.86146,0.8636,0.868,0.969176,0.505,0.93351,0.83701
T1237TS475_4o,0.9769,0.643,0.799,0.8343,0.947,0.969,0.71689,0.944,,0.799,,0.799,0.981,0.931,0.82559,,0.939,0.86125,0.8619,0.879,0.971174,0.579,0.93206,0.83507
T1237TS475_5o,0.97929,0.64,0.811,0.8144,0.948,0.938,0.72524,0.954,,0.811,,0.801,0.98,0.93256,0.8303,,0.946,0.86109,0.8738,0.878,0.972747,0.719,0.93621,0.83658
T1237TS489_1o,0.99701,0.709,0.788,0.7861,0.931,0.98,0.71431,0.983,,0.788,,0.797,0.978,0.93255,0.8399,,0.983,0.86176,0.918,0.909,0.972286,0.805,0.94216,0.85661
T1237TS489_2o,0.99419,0.696,0.803,0.7914,0.927,0.989,0.73174,0.976,,0.803,,0.803,0.989,0.93117,0.83726,,0.974,0.86263,0.9072,0.914,0.969971,0.805,0.16729,0.85635
T1237TS489_3o,0.99403,0.711,0.803,0.7946,0.927,0.99,0.72243,0.975,,0.803,,0.805,0.981,0.93065,0.83686,,0.973,0.86141,0.9062,0.914,0.968786,0.805,0.16843,0.85466
T1237TS489_4o,0.99403,0.71,0.802,0.8012,0.927,0.991,0.72094,0.975,,0.802,,0.804,0.982,0.93065,0.83691,,0.973,0.86126,0.906,0.914,0.969563,0.805,0.16781,0.85447
T1237TS489_5o,0.9951,0.702,0.78,0.7557,0.929,0.989,0.72573,0.981,,0.78,,0.802,0.976,0.93179,0.83049,,0.979,0.86187,0.9149,0.918,0.969528,0.805,0.16683,0.84993
T1237TS494_1o,0.97028,0.749,0.703,0.7214,0.935,0.937,0.69271,0.929,,0.703,,0.705,0.868,0.92791,0.84123,,0.917,0.86211,0.835,0.876,0.969951,0.848,0.92199,0.85033
T1237TS494_2o,0.97399,0.765,0.699,0.7348,0.937,0.942,0.69922,0.938,,0.699,,0.712,0.861,0.92892,0.83586,,0.93,0.86128,0.8512,0.88,0.97051,0.832,0.91759,0.8481
T1237TS494_3o,0.96853,0.759,0.716,0.7379,0.935,0.962,0.69324,0.921,,0.716,,0.723,0.874,0.92641,0.84402,,0.909,0.86156,0.8231,0.867,0.966805,0.822,0.92562,0.85189
T1237TS494_4o,0.96995,0.804,0.673,0.7019,0.933,0.935,0.6963,0.929,,0.673,,0.707,0.863,0.92335,0.83814,,0.928,0.85159,0.8476,0.897,0.964718,0.803,0.91035,0.84433
T1237TS494_5o,0.94697,0.759,0.667,0.7316,0.9,0.955,0.70176,0.892,,0.667,,0.714,0.866,0.90093,0.82676,,0.885,0.8416,0.8031,0.891,0.94294,0.768,0.91821,0.83525
